dataset,model,fold,n_ours,n_pykt,n_common,share_common_of_pykt,auc_ours_full,auc_pykt_full,delta_full,auc_ours_common,auc_pykt_common,delta_common,shift
assist2012,dkt,0,536087,536087,536087,1.0,0.729251,0.729251,-0.0,0.729251,0.729251,-0.0,0.0
assist2012,dkt,1,536087,536087,536087,1.0,0.729305,0.729305,0.0,0.729305,0.729305,0.0,0.0
assist2012,dkt,2,536087,536087,536087,1.0,0.728927,0.728927,-0.0,0.728927,0.728927,-0.0,0.0
assist2012,dkt,3,536087,536087,536087,1.0,0.730108,0.730108,0.0,0.730108,0.730108,0.0,0.0
assist2012,dkt,4,536087,536087,536087,1.0,0.730273,0.730273,0.0,0.730273,0.730273,0.0,0.0
assist2012,sakt,0,536087,536087,536087,1.0,0.707337,0.707337,-0.0,0.707337,0.707337,-0.0,0.0
assist2012,sakt,1,536087,536087,536087,1.0,0.706858,0.706859,-0.0,0.706858,0.706859,-0.0,0.0
assist2012,sakt,2,536087,536087,536087,1.0,0.706678,0.706678,0.0,0.706678,0.706678,0.0,0.0
assist2012,sakt,3,536087,536087,536087,1.0,0.706494,0.706494,0.0,0.706494,0.706494,0.0,0.0
assist2012,sakt,4,536087,536087,536087,1.0,0.70786,0.70786,0.0,0.70786,0.70786,0.0,0.0
assist2012,akt,0,536087,536087,536087,1.0,0.772909,0.772909,0.0,0.772909,0.772909,0.0,0.0
assist2012,akt,1,536087,536087,536087,1.0,0.772772,0.772772,0.0,0.772772,0.772772,0.0,0.0
assist2012,akt,2,536087,536087,536087,1.0,0.771734,0.771735,-0.0,0.771734,0.771735,-0.0,0.0
assist2012,akt,3,536087,536087,536087,1.0,0.771509,0.771509,0.0,0.771509,0.771509,0.0,0.0
assist2012,akt,4,536087,536087,536087,1.0,0.772492,0.772492,0.0,0.772492,0.772492,0.0,0.0
assist2012,simplekt,0,536087,536087,536087,1.0,0.769188,0.769188,0.0,0.769188,0.769188,0.0,0.0
assist2012,simplekt,1,536087,536087,536087,1.0,0.770273,0.770273,0.0,0.770273,0.770273,0.0,0.0
assist2012,simplekt,2,536087,536087,536087,1.0,0.771,0.771,0.0,0.771,0.771,0.0,0.0
assist2012,simplekt,3,536087,536087,536087,1.0,0.770207,0.770207,0.0,0.770207,0.770207,0.0,0.0
assist2012,simplekt,4,536087,536087,536087,1.0,0.770697,0.770697,0.0,0.770697,0.770697,0.0,0.0
assist2017,dkt,0,177767,177767,177767,1.0,0.716836,0.716836,-0.0,0.716836,0.716836,-0.0,0.0
assist2017,dkt,1,177767,177767,177767,1.0,0.716318,0.716318,0.0,0.716318,0.716318,0.0,0.0
assist2017,dkt,2,177767,177767,177767,1.0,0.713119,0.713119,0.0,0.713119,0.713119,0.0,0.0
assist2017,dkt,3,177767,177767,177767,1.0,0.716586,0.716585,0.0,0.716586,0.716585,0.0,0.0
assist2017,dkt,4,177767,177767,177767,1.0,0.713289,0.713289,-0.0,0.713289,0.713289,-0.0,0.0
assist2017,sakt,0,177767,177767,177767,1.0,0.653685,0.653685,-0.0,0.653685,0.653685,-0.0,0.0
assist2017,sakt,1,177767,177767,177767,1.0,0.653277,0.653277,-0.0,0.653277,0.653277,-0.0,0.0
assist2017,sakt,2,177767,177767,177767,1.0,0.653932,0.653932,0.0,0.653932,0.653932,0.0,0.0
assist2017,sakt,3,177767,177767,177767,1.0,0.652367,0.652367,-0.0,0.652367,0.652367,-0.0,0.0
assist2017,sakt,4,177767,177767,177767,1.0,0.651551,0.651552,-1e-06,0.651551,0.651552,-1e-06,0.0
assist2017,akt,0,177767,177767,177767,1.0,0.758263,0.758263,-0.0,0.758263,0.758263,-0.0,0.0
assist2017,akt,1,177767,177767,177767,1.0,0.758171,0.758171,-0.0,0.758171,0.758171,-0.0,0.0
assist2017,akt,2,177767,177767,177767,1.0,0.757625,0.757625,0.0,0.757625,0.757625,0.0,0.0
assist2017,akt,3,177767,177767,177767,1.0,0.758611,0.758611,-0.0,0.758611,0.758611,-0.0,0.0
assist2017,akt,4,177767,177767,177767,1.0,0.759508,0.759508,-0.0,0.759508,0.759508,-0.0,0.0
assist2017,simplekt,0,177767,177767,177767,1.0,0.754975,0.754975,0.0,0.754975,0.754975,0.0,0.0
assist2017,simplekt,1,177767,177767,177767,1.0,0.756517,0.756516,0.0,0.756517,0.756516,0.0,0.0
assist2017,simplekt,2,177767,177767,177767,1.0,0.754668,0.754668,0.0,0.754668,0.754668,0.0,0.0
assist2017,simplekt,3,177767,177767,177767,1.0,0.751014,0.751014,0.0,0.751014,0.751014,0.0,0.0
assist2017,simplekt,4,177767,177767,177767,1.0,0.757588,0.757588,0.0,0.757588,0.757588,0.0,0.0
bridge2algebra2006,dkt,0,352378,352370,352366,0.999989,0.797313,0.796296,0.001017,0.797308,0.796292,0.001015,-2e-06
bridge2algebra2006,dkt,1,352378,352370,352366,0.999989,0.796673,0.795673,0.001,0.796668,0.795669,0.000999,-1e-06
bridge2algebra2006,dkt,2,352378,352370,352366,0.999989,0.796233,0.795251,0.000982,0.796229,0.795249,0.00098,-2e-06
bridge2algebra2006,dkt,3,352378,352370,352366,0.999989,0.79533,0.794322,0.001007,0.795326,0.794319,0.001007,-1e-06
bridge2algebra2006,dkt,4,352378,352370,352366,0.999989,0.79679,0.795801,0.000989,0.796785,0.795798,0.000987,-2e-06
bridge2algebra2006,sakt,0,352378,352370,352366,0.999989,0.761738,0.761631,0.000108,0.761731,0.761625,0.000105,-2e-06
bridge2algebra2006,sakt,1,352378,352370,352366,0.999989,0.761975,0.761884,9e-05,0.761969,0.76188,8.8e-05,-2e-06
bridge2algebra2006,sakt,2,352378,352370,352366,0.999989,0.761036,0.760943,9.3e-05,0.761027,0.760938,9e-05,-4e-06
bridge2algebra2006,sakt,3,352378,352370,352366,0.999989,0.761082,0.760997,8.4e-05,0.761073,0.760992,8.1e-05,-4e-06
bridge2algebra2006,sakt,4,352378,352370,352366,0.999989,0.760273,0.760181,9.2e-05,0.760266,0.760176,9e-05,-3e-06
bridge2algebra2006,akt,0,352378,352370,352366,0.999989,0.806938,0.806558,0.00038,0.80693,0.806555,0.000375,-5e-06
bridge2algebra2006,akt,1,352378,352370,352366,0.999989,0.80709,0.806718,0.000373,0.807083,0.806714,0.000368,-4e-06
bridge2algebra2006,akt,2,352378,352370,352366,0.999989,0.807837,0.807446,0.000391,0.80783,0.807443,0.000387,-5e-06
bridge2algebra2006,akt,3,352378,352370,352366,0.999989,0.806101,0.805745,0.000356,0.806093,0.805743,0.000351,-5e-06
bridge2algebra2006,akt,4,352378,352370,352366,0.999989,0.806218,0.805861,0.000357,0.806211,0.805858,0.000353,-4e-06
bridge2algebra2006,simplekt,0,352378,352370,352366,0.999989,0.808126,0.807972,0.000154,0.808121,0.80797,0.000151,-3e-06
bridge2algebra2006,simplekt,1,352378,352370,352366,0.999989,0.806098,0.80588,0.000219,0.806094,0.805877,0.000217,-2e-06
bridge2algebra2006,simplekt,2,352378,352370,352366,0.999989,0.80691,0.806689,0.000222,0.806904,0.806685,0.000219,-3e-06
bridge2algebra2006,simplekt,3,352378,352370,352366,0.999989,0.804758,0.804603,0.000155,0.804755,0.804603,0.000152,-3e-06
bridge2algebra2006,simplekt,4,352378,352370,352366,0.999989,0.80481,0.804643,0.000167,0.804804,0.804641,0.000164,-3e-06
assist2009,dkt,0,52439,52254,52233,0.999598,0.8149,0.74995,0.06495,0.813555,0.749886,0.063669,-0.001282
assist2009,dkt,1,52439,52254,52233,0.999598,0.81429,0.748007,0.066283,0.812951,0.747951,0.065,-0.001282
assist2009,dkt,2,52439,52254,52233,0.999598,0.815181,0.751352,0.063828,0.813845,0.751288,0.062557,-0.001272
assist2009,dkt,3,52439,52254,52233,0.999598,0.815327,0.751708,0.063619,0.813983,0.751639,0.062344,-0.001275
assist2009,dkt,4,52439,52254,52233,0.999598,0.815486,0.752466,0.06302,0.814144,0.752389,0.061754,-0.001265
assist2009,sakt,0,52439,52254,52233,0.999598,0.749476,0.728623,0.020853,0.747789,0.728561,0.019228,-0.001625
assist2009,sakt,1,52439,52254,52233,0.999598,0.751033,0.731512,0.019522,0.74934,0.731444,0.017896,-0.001625
assist2009,sakt,2,52439,52254,52233,0.999598,0.751422,0.729705,0.021716,0.749707,0.729624,0.020083,-0.001633
assist2009,sakt,3,52439,52254,52233,0.999598,0.750277,0.729143,0.021133,0.748588,0.729077,0.019511,-0.001622
assist2009,sakt,4,52439,52254,52233,0.999598,0.748344,0.728576,0.019768,0.74663,0.7285,0.018131,-0.001637
assist2009,akt,0,52439,52254,52233,0.999598,0.82395,0.761532,0.062419,0.822709,0.761472,0.061237,-0.001182
assist2009,akt,1,52439,52254,52233,0.999598,0.822023,0.7586,0.063423,0.820773,0.758539,0.062234,-0.001189
assist2009,akt,2,52439,52254,52233,0.999598,0.823751,0.760558,0.063193,0.822497,0.760505,0.061992,-0.001202
assist2009,akt,3,52439,52254,52233,0.999598,0.822077,0.758337,0.06374,0.820809,0.758283,0.062525,-0.001215
assist2009,akt,4,52439,52254,52233,0.999598,0.822593,0.759084,0.063509,0.821325,0.759019,0.062306,-0.001203
assist2009,simplekt,0,52439,52254,52233,0.999598,0.81062,0.763575,0.047045,0.809358,0.763521,0.045837,-0.001208
assist2009,simplekt,1,52439,52254,52233,0.999598,0.803074,0.760676,0.042398,0.801711,0.760617,0.041094,-0.001304
assist2009,simplekt,2,52439,52254,52233,0.999598,0.820445,0.759104,0.061341,0.819226,0.759084,0.060142,-0.001199
assist2009,simplekt,3,52439,52254,52233,0.999598,0.818464,0.767424,0.05104,0.817223,0.767356,0.049867,-0.001174
assist2009,simplekt,4,52439,52254,52233,0.999598,0.81337,0.766135,0.047234,0.812078,0.766065,0.046013,-0.001221
algebra2005,dkt,0,93279,92945,92813,0.99858,0.891918,0.80977,0.082148,0.891231,0.809697,0.081533,-0.000615
algebra2005,dkt,1,93279,92945,92813,0.99858,0.891963,0.808036,0.083927,0.891318,0.807961,0.083357,-0.00057
algebra2005,dkt,2,93279,92945,92813,0.99858,0.892955,0.808664,0.08429,0.892293,0.808583,0.083711,-0.00058
algebra2005,dkt,3,93279,92945,92813,0.99858,0.892841,0.80915,0.083691,0.892192,0.809078,0.083114,-0.000577
algebra2005,dkt,4,93279,92945,92813,0.99858,0.893196,0.811403,0.081793,0.892537,0.811328,0.081209,-0.000584
algebra2005,sakt,0,93279,92945,92813,0.99858,0.870828,0.784079,0.086749,0.870065,0.784106,0.08596,-0.00079
algebra2005,sakt,1,93279,92945,92813,0.99858,0.871366,0.783637,0.087729,0.870564,0.783668,0.086896,-0.000832
algebra2005,sakt,2,93279,92945,92813,0.99858,0.871834,0.784742,0.087092,0.871032,0.784735,0.086296,-0.000796
algebra2005,sakt,3,93279,92945,92813,0.99858,0.870956,0.786026,0.08493,0.870151,0.786029,0.084122,-0.000808
algebra2005,sakt,4,93279,92945,92813,0.99858,0.872126,0.785237,0.08689,0.871373,0.785195,0.086179,-0.000711
algebra2005,akt,0,93279,92945,92813,0.99858,0.893694,0.807882,0.085811,0.893067,0.807905,0.085161,-0.00065
algebra2005,akt,1,93279,92945,92813,0.99858,0.893293,0.807937,0.085356,0.892691,0.807973,0.084719,-0.000638
algebra2005,akt,2,93279,92945,92813,0.99858,0.892935,0.806223,0.086712,0.892326,0.806267,0.086059,-0.000653
algebra2005,akt,3,93279,92945,92813,0.99858,0.893503,0.811003,0.0825,0.892919,0.81104,0.081879,-0.000621
algebra2005,akt,4,93279,92945,92813,0.99858,0.895656,0.813399,0.082257,0.895079,0.813432,0.081647,-0.00061
algebra2005,simplekt,0,93279,92945,92813,0.99858,0.897374,0.813394,0.08398,0.896785,0.813527,0.083258,-0.000722
algebra2005,simplekt,1,93279,92945,92813,0.99858,0.895284,0.814078,0.081206,0.894727,0.814211,0.080516,-0.00069
algebra2005,simplekt,2,93279,92945,92813,0.99858,0.896481,0.815247,0.081235,0.89594,0.815394,0.080547,-0.000688
algebra2005,simplekt,3,93279,92945,92813,0.99858,0.895407,0.816694,0.078713,0.894846,0.816798,0.078048,-0.000665
algebra2005,simplekt,4,93279,92945,92813,0.99858,0.897269,0.812816,0.084453,0.896733,0.81295,0.083783,-0.00067
ednet,dkt,0,133516,132209,131915,0.997776,0.885958,0.606431,0.279527,0.884194,0.606498,0.277697,-0.00183
ednet,dkt,1,133516,132209,131915,0.997776,0.885993,0.606841,0.279151,0.884249,0.606912,0.277337,-0.001814
ednet,dkt,2,133516,132209,131915,0.997776,0.884782,0.606587,0.278195,0.883013,0.606652,0.276361,-0.001835
ednet,dkt,3,133516,132209,131915,0.997776,0.885245,0.606335,0.27891,0.883487,0.6064,0.277088,-0.001822
ednet,dkt,4,133516,132209,131915,0.997776,0.885329,0.604237,0.281092,0.883599,0.604304,0.279295,-0.001797
ednet,sakt,0,133516,132209,131915,0.997776,0.870533,0.604672,0.265861,0.869709,0.604753,0.264956,-0.000905
ednet,sakt,1,133516,132209,131915,0.997776,0.865031,0.602954,0.262077,0.86328,0.602966,0.260315,-0.001762
ednet,sakt,2,133516,132209,131915,0.997776,0.871077,0.606902,0.264175,0.869298,0.606916,0.262382,-0.001794
ednet,sakt,3,133516,132209,131915,0.997776,0.870257,0.606988,0.263269,0.869435,0.606996,0.262439,-0.00083
ednet,sakt,4,133516,132209,131915,0.997776,0.87229,0.605876,0.266414,0.870525,0.605948,0.264577,-0.001837
ednet,akt,0,133516,132209,131915,0.997776,0.882956,0.607061,0.275895,0.88122,0.607077,0.274143,-0.001752
ednet,akt,1,133516,132209,131915,0.997776,0.886074,0.611994,0.27408,0.884349,0.61201,0.272338,-0.001742
ednet,akt,2,133516,132209,131915,0.997776,0.883074,0.60705,0.276024,0.881341,0.607061,0.27428,-0.001744
ednet,akt,3,133516,132209,131915,0.997776,0.886209,0.610831,0.275378,0.884498,0.610843,0.273655,-0.001723
ednet,akt,4,133516,132209,131915,0.997776,0.887111,0.611598,0.275513,0.885404,0.61162,0.273784,-0.001729
ednet,simplekt,0,133516,132209,131915,0.997776,0.896509,0.658462,0.238047,0.895152,0.658565,0.236587,-0.00146
ednet,simplekt,1,133516,132209,131915,0.997776,0.901758,0.659407,0.242351,0.900395,0.659508,0.240887,-0.001464
ednet,simplekt,2,133516,132209,131915,0.997776,0.896966,0.657867,0.239099,0.895611,0.657936,0.237674,-0.001425
ednet,simplekt,3,133516,132209,131915,0.997776,0.898053,0.65679,0.241263,0.896754,0.656883,0.239872,-0.001391
ednet,simplekt,4,133516,132209,131915,0.997776,0.901193,0.653691,0.247503,0.89982,0.653756,0.246063,-0.001439
