dataset,model,fold,position_class,n,auc,mean_prob,base_rate,accuracy,median_prob_y1,median_prob_y0
algebra2005,dkt,0,all,134674,0.9197,0.7065,0.7123,0.8684,0.9286,0.1789
algebra2005,dkt,0,first_row,93059,0.8144,0.7485,0.7569,0.8103,0.8734,0.5686
algebra2005,dkt,0,repeat_row,41615,1.0,0.6126,0.6126,0.9984,0.9991,0.0013
algebra2005,dkt,0,repeat_1,28303,1.0,0.6557,0.6554,0.9981,0.999,0.0019
algebra2005,dkt,0,repeat_2,12845,1.0,0.5195,0.5199,0.9991,0.9994,0.0008
algebra2005,dkt,0,repeat_3plus,467,1.0,0.5609,0.5653,0.9979,0.9974,0.003
algebra2005,dkt,1,all,134674,0.9191,0.7182,0.7123,0.8679,0.928,0.2349
algebra2005,dkt,1,first_row,93059,0.8134,0.7652,0.7569,0.8096,0.8773,0.6074
algebra2005,dkt,1,repeat_row,41615,1.0,0.6131,0.6126,0.9981,0.9987,0.0022
algebra2005,dkt,1,repeat_1,28303,1.0,0.6563,0.6554,0.9977,0.9986,0.0032
algebra2005,dkt,1,repeat_2,12845,1.0,0.5197,0.5199,0.999,0.9991,0.0014
algebra2005,dkt,1,repeat_3plus,467,1.0,0.5606,0.5653,0.9979,0.9965,0.0063
algebra2005,dkt,2,all,134674,0.9192,0.715,0.7123,0.869,0.9285,0.2258
algebra2005,dkt,2,first_row,93059,0.8135,0.7605,0.7569,0.8114,0.8719,0.5988
algebra2005,dkt,2,repeat_row,41615,1.0,0.6134,0.6126,0.9979,0.9989,0.0018
algebra2005,dkt,2,repeat_1,28303,1.0,0.6568,0.6554,0.9974,0.9988,0.0027
algebra2005,dkt,2,repeat_2,12845,1.0,0.5197,0.5199,0.9989,0.9992,0.0011
algebra2005,dkt,2,repeat_3plus,467,1.0,0.5613,0.5653,1.0,0.9967,0.0046
algebra2005,dkt,3,all,134674,0.9196,0.7124,0.7123,0.8688,0.924,0.2205
algebra2005,dkt,3,first_row,93059,0.8144,0.757,0.7569,0.811,0.8707,0.5916
algebra2005,dkt,3,repeat_row,41615,1.0,0.6127,0.6126,0.9982,0.9987,0.0021
algebra2005,dkt,3,repeat_1,28303,1.0,0.6559,0.6554,0.9979,0.9986,0.0031
algebra2005,dkt,3,repeat_2,12845,1.0,0.5196,0.5199,0.9989,0.999,0.0013
algebra2005,dkt,3,repeat_3plus,467,1.0,0.5599,0.5653,0.9979,0.9959,0.0051
algebra2005,dkt,4,all,134674,0.9205,0.7143,0.7123,0.8693,0.931,0.2092
algebra2005,dkt,4,first_row,93059,0.8164,0.7595,0.7569,0.8119,0.8792,0.5844
algebra2005,dkt,4,repeat_row,41615,1.0,0.6131,0.6126,0.9977,0.9992,0.0015
algebra2005,dkt,4,repeat_1,28303,1.0,0.6564,0.6554,0.9974,0.9991,0.0022
algebra2005,dkt,4,repeat_2,12845,1.0,0.5197,0.5199,0.9985,0.9994,0.0009
algebra2005,dkt,4,repeat_3plus,467,1.0,0.561,0.5653,0.9979,0.9978,0.0033
algebra2005,sakt,0,all,134674,0.9052,0.7382,0.7123,0.8587,0.9442,0.2796
algebra2005,sakt,0,first_row,93059,0.7919,0.7938,0.7569,0.802,0.9052,0.6772
algebra2005,sakt,0,repeat_row,41615,0.9992,0.6139,0.6126,0.9855,0.9993,0.0009
algebra2005,sakt,0,repeat_1,28303,0.9985,0.6575,0.6554,0.9808,0.9991,0.0012
algebra2005,sakt,0,repeat_2,12845,0.9999,0.5206,0.5199,0.9958,0.9995,0.0007
algebra2005,sakt,0,repeat_3plus,467,0.9997,0.539,0.5653,0.9872,0.9989,0.001
algebra2005,sakt,1,all,134674,0.9058,0.7344,0.7123,0.8589,0.9483,0.2559
algebra2005,sakt,1,first_row,93059,0.7914,0.7882,0.7569,0.8013,0.905,0.6605
algebra2005,sakt,1,repeat_row,41615,0.9994,0.614,0.6126,0.9878,0.9996,0.0004
algebra2005,sakt,1,repeat_1,28303,0.9988,0.6575,0.6554,0.9834,0.9996,0.0006
algebra2005,sakt,1,repeat_2,12845,1.0,0.5207,0.5199,0.9976,0.9997,0.0004
algebra2005,sakt,1,repeat_3plus,467,0.9997,0.5435,0.5653,0.9872,0.9995,0.0008
algebra2005,sakt,2,all,134674,0.906,0.7294,0.7123,0.8588,0.9428,0.2442
algebra2005,sakt,2,first_row,93059,0.7924,0.7819,0.7569,0.8013,0.8977,0.6513
algebra2005,sakt,2,repeat_row,41615,0.9993,0.6119,0.6126,0.9875,0.9996,0.0006
algebra2005,sakt,2,repeat_1,28303,0.9989,0.6545,0.6554,0.9835,0.9995,0.0007
algebra2005,sakt,2,repeat_2,12845,0.9999,0.5211,0.5199,0.9966,0.9997,0.0004
algebra2005,sakt,2,repeat_3plus,467,0.9997,0.528,0.5653,0.985,0.9993,0.0007
algebra2005,sakt,3,all,134674,0.906,0.7159,0.7123,0.858,0.9291,0.2172
algebra2005,sakt,3,first_row,93059,0.7936,0.7644,0.7569,0.8009,0.884,0.6194
algebra2005,sakt,3,repeat_row,41615,0.9992,0.6073,0.6126,0.9857,0.9994,0.0005
algebra2005,sakt,3,repeat_1,28303,0.9986,0.6494,0.6554,0.9815,0.9993,0.0007
algebra2005,sakt,3,repeat_2,12845,0.9999,0.5177,0.5199,0.9956,0.9996,0.0004
algebra2005,sakt,3,repeat_3plus,467,1.0,0.5232,0.5653,0.9743,0.9991,0.0006
algebra2005,sakt,4,all,134674,0.9072,0.7238,0.7123,0.8603,0.9391,0.229
algebra2005,sakt,4,first_row,93059,0.7937,0.7735,0.7569,0.803,0.8917,0.6317
algebra2005,sakt,4,repeat_row,41615,0.9995,0.6128,0.6126,0.9882,0.9996,0.0005
algebra2005,sakt,4,repeat_1,28303,0.999,0.6562,0.6554,0.9838,0.9995,0.0008
algebra2005,sakt,4,repeat_2,12845,1.0,0.5193,0.5199,0.9978,0.9997,0.0004
algebra2005,sakt,4,repeat_3plus,467,0.9998,0.5499,0.5653,0.9893,0.9994,0.0008
algebra2005,akt,0,all,134674,0.9158,0.7149,0.7123,0.8622,0.9258,0.3092
algebra2005,akt,0,first_row,93059,0.8174,0.7612,0.7569,0.8087,0.8789,0.5847
algebra2005,akt,0,repeat_row,41615,0.9991,0.6114,0.6126,0.982,0.9998,0.0005
algebra2005,akt,0,repeat_1,28303,0.9983,0.6539,0.6554,0.9764,0.9998,0.0007
algebra2005,akt,0,repeat_2,12845,0.9999,0.5193,0.5199,0.9938,0.9999,0.0003
algebra2005,akt,0,repeat_3plus,467,0.9995,0.5654,0.5653,0.9914,0.9981,0.0077
algebra2005,akt,1,all,134674,0.9162,0.7147,0.7123,0.8629,0.9307,0.2918
algebra2005,akt,1,first_row,93059,0.8177,0.7612,0.7569,0.8091,0.883,0.5753
algebra2005,akt,1,repeat_row,41615,0.9991,0.6109,0.6126,0.983,0.9999,0.0002
algebra2005,akt,1,repeat_1,28303,0.9984,0.6534,0.6554,0.9777,0.9999,0.0003
algebra2005,akt,1,repeat_2,12845,0.9999,0.5191,0.5199,0.9942,0.9999,0.0002
algebra2005,akt,1,repeat_3plus,467,0.9994,0.5614,0.5653,0.9914,0.9987,0.0038
algebra2005,akt,2,all,134674,0.9153,0.7194,0.7123,0.8608,0.9272,0.3177
algebra2005,akt,2,first_row,93059,0.8164,0.7675,0.7569,0.807,0.8832,0.5975
algebra2005,akt,2,repeat_row,41615,0.999,0.6117,0.6126,0.9813,0.9999,0.0005
algebra2005,akt,2,repeat_1,28303,0.9982,0.6543,0.6554,0.9756,0.9999,0.0008
algebra2005,akt,2,repeat_2,12845,0.9999,0.5195,0.5199,0.9938,0.9999,0.0003
algebra2005,akt,2,repeat_3plus,467,0.9994,0.5683,0.5653,0.9829,0.9983,0.0073
algebra2005,akt,3,all,134674,0.917,0.7253,0.7123,0.8628,0.9394,0.303
algebra2005,akt,3,first_row,93059,0.8198,0.7761,0.7569,0.8094,0.8986,0.6008
algebra2005,akt,3,repeat_row,41615,0.9991,0.6118,0.6126,0.9823,0.9999,0.0004
algebra2005,akt,3,repeat_1,28303,0.9983,0.6546,0.6554,0.977,0.9999,0.0005
algebra2005,akt,3,repeat_2,12845,0.9999,0.5192,0.5199,0.9936,0.9999,0.0003
algebra2005,akt,3,repeat_3plus,467,0.9994,0.5653,0.5653,0.9914,0.9988,0.0037
algebra2005,akt,4,all,134674,0.918,0.7168,0.7123,0.8635,0.9349,0.2848
algebra2005,akt,4,first_row,93059,0.822,0.7639,0.7569,0.8102,0.8889,0.5758
algebra2005,akt,4,repeat_row,41615,0.9991,0.6113,0.6126,0.9828,0.9999,0.0003
algebra2005,akt,4,repeat_1,28303,0.9984,0.6539,0.6554,0.9777,0.9999,0.0004
algebra2005,akt,4,repeat_2,12845,0.9999,0.5191,0.5199,0.9938,0.9999,0.0002
algebra2005,akt,4,repeat_3plus,467,0.9994,0.5677,0.5653,0.9914,0.9989,0.0038
algebra2005,simplekt,0,all,134674,0.9217,0.7052,0.7123,0.8661,0.9565,0.2085
algebra2005,simplekt,0,first_row,93059,0.8253,0.7471,0.7569,0.8093,0.9132,0.4713
algebra2005,simplekt,0,repeat_row,41615,0.9998,0.6115,0.6126,0.9929,0.9999,0.0002
algebra2005,simplekt,0,repeat_1,28303,0.9996,0.6545,0.6554,0.9905,0.9999,0.0004
algebra2005,simplekt,0,repeat_2,12845,1.0,0.5189,0.5199,0.9981,1.0,0.0
algebra2005,simplekt,0,repeat_3plus,467,1.0,0.5535,0.5653,0.9936,0.9982,0.0003
algebra2005,simplekt,1,all,134674,0.9199,0.7247,0.7123,0.867,0.95,0.2655
algebra2005,simplekt,1,first_row,93059,0.8252,0.7751,0.7569,0.8131,0.9144,0.5741
algebra2005,simplekt,1,repeat_row,41615,0.9993,0.612,0.6126,0.9876,0.9997,0.0003
algebra2005,simplekt,1,repeat_1,28303,0.9987,0.6552,0.6554,0.9827,0.9995,0.0006
algebra2005,simplekt,1,repeat_2,12845,1.0,0.519,0.5199,0.9983,0.9999,0.0
algebra2005,simplekt,1,repeat_3plus,467,0.9993,0.5526,0.5653,0.9936,0.9976,0.0005
algebra2005,simplekt,2,all,134674,0.9227,0.7399,0.7123,0.8696,0.9733,0.2471
algebra2005,simplekt,2,first_row,93059,0.8266,0.7953,0.7569,0.8144,0.9462,0.5747
algebra2005,simplekt,2,repeat_row,41615,0.9998,0.6162,0.6126,0.9928,1.0,0.0002
algebra2005,simplekt,2,repeat_1,28303,0.9997,0.6605,0.6554,0.9904,0.9999,0.0004
algebra2005,simplekt,2,repeat_2,12845,1.0,0.5204,0.5199,0.9981,1.0,0.0
algebra2005,simplekt,2,repeat_3plus,467,0.9998,0.5623,0.5653,0.9957,0.9996,0.0003
algebra2005,simplekt,3,all,134674,0.9233,0.7358,0.7123,0.8717,0.975,0.2085
algebra2005,simplekt,3,first_row,93059,0.8278,0.7899,0.7569,0.8169,0.9478,0.5545
algebra2005,simplekt,3,repeat_row,41615,0.9998,0.6147,0.6126,0.9943,1.0,0.0001
algebra2005,simplekt,3,repeat_1,28303,0.9997,0.6586,0.6554,0.9925,0.9999,0.0002
algebra2005,simplekt,3,repeat_2,12845,1.0,0.5202,0.5199,0.9983,1.0,0.0
algebra2005,simplekt,3,repeat_3plus,467,0.9996,0.5578,0.5653,0.9936,0.9995,0.0002
algebra2005,simplekt,4,all,134674,0.9206,0.7027,0.7123,0.8663,0.9442,0.2206
algebra2005,simplekt,4,first_row,93059,0.8242,0.745,0.7569,0.8098,0.902,0.4978
algebra2005,simplekt,4,repeat_row,41615,0.9997,0.6083,0.6126,0.9927,0.9998,0.0002
algebra2005,simplekt,4,repeat_1,28303,0.9994,0.6501,0.6554,0.9902,0.9997,0.0004
algebra2005,simplekt,4,repeat_2,12845,1.0,0.5186,0.5199,0.9982,1.0,0.0
algebra2005,simplekt,4,repeat_3plus,467,0.9996,0.5373,0.5653,0.9893,0.9983,0.0006
assist2009,dkt,0,all,61904,0.8238,0.6446,0.6394,0.7661,0.7858,0.4747
assist2009,dkt,0,first_row,52268,0.753,0.6459,0.6397,0.7231,0.7503,0.5393
assist2009,dkt,0,repeat_row,9636,1.0,0.6374,0.6376,0.9996,0.9967,0.0073
assist2009,dkt,0,repeat_1,8248,1.0,0.6509,0.6508,0.9998,0.997,0.0082
assist2009,dkt,0,repeat_2,1101,1.0,0.5771,0.5786,0.9991,0.996,0.0038
assist2009,dkt,0,repeat_3plus,287,1.0,0.4817,0.4843,0.9965,0.9858,0.006
assist2009,dkt,1,all,61904,0.8225,0.6356,0.6394,0.7672,0.7668,0.467
assist2009,dkt,1,first_row,52268,0.7512,0.6353,0.6397,0.7243,0.7334,0.5332
assist2009,dkt,1,repeat_row,9636,1.0,0.637,0.6376,0.9998,0.9961,0.008
assist2009,dkt,1,repeat_1,8248,1.0,0.6504,0.6508,0.9999,0.9962,0.0092
assist2009,dkt,1,repeat_2,1101,1.0,0.5771,0.5786,0.9991,0.9958,0.0041
assist2009,dkt,1,repeat_3plus,287,1.0,0.4822,0.4843,1.0,0.9862,0.0071
assist2009,dkt,2,all,61904,0.8246,0.6494,0.6394,0.7681,0.7913,0.4781
assist2009,dkt,2,first_row,52268,0.7541,0.6516,0.6397,0.7254,0.7571,0.5471
assist2009,dkt,2,repeat_row,9636,1.0,0.6376,0.6376,0.9997,0.9969,0.0067
assist2009,dkt,2,repeat_1,8248,1.0,0.651,0.6508,0.9998,0.9971,0.0074
assist2009,dkt,2,repeat_2,1101,1.0,0.5773,0.5786,0.9991,0.9965,0.0035
assist2009,dkt,2,repeat_3plus,287,1.0,0.4828,0.4843,1.0,0.9879,0.0067
assist2009,dkt,3,all,61904,0.8247,0.6457,0.6394,0.7665,0.7935,0.4698
assist2009,dkt,3,first_row,52268,0.7542,0.6472,0.6397,0.7234,0.7579,0.5365
assist2009,dkt,3,repeat_row,9636,1.0,0.6374,0.6376,0.9998,0.9973,0.006
assist2009,dkt,3,repeat_1,8248,1.0,0.6509,0.6508,0.9999,0.9975,0.0066
assist2009,dkt,3,repeat_2,1101,1.0,0.5772,0.5786,0.9991,0.9967,0.0028
assist2009,dkt,3,repeat_3plus,287,1.0,0.4824,0.4843,1.0,0.9891,0.0044
assist2009,dkt,4,all,61904,0.825,0.6491,0.6394,0.7693,0.8027,0.4654
assist2009,dkt,4,first_row,52268,0.7546,0.6511,0.6397,0.7268,0.7671,0.5386
assist2009,dkt,4,repeat_row,9636,1.0,0.6383,0.6376,0.9996,0.9975,0.0063
assist2009,dkt,4,repeat_1,8248,1.0,0.6517,0.6508,0.9996,0.9977,0.007
assist2009,dkt,4,repeat_2,1101,1.0,0.5785,0.5786,0.9991,0.997,0.0035
assist2009,dkt,4,repeat_3plus,287,1.0,0.4834,0.4843,1.0,0.9898,0.0041
assist2009,sakt,0,all,61904,0.7541,0.6526,0.6394,0.7237,0.786,0.5488
assist2009,sakt,0,first_row,52268,0.7265,0.6552,0.6397,0.7092,0.7726,0.5784
assist2009,sakt,0,repeat_row,9636,0.8738,0.6382,0.6376,0.8022,0.8796,0.3066
assist2009,sakt,0,repeat_1,8248,0.8719,0.6579,0.6508,0.8032,0.8887,0.3388
assist2009,sakt,0,repeat_2,1101,0.8879,0.5634,0.5786,0.8084,0.8308,0.1873
assist2009,sakt,0,repeat_3plus,287,0.8871,0.3592,0.4843,0.7491,0.5765,0.079
assist2009,sakt,1,all,61904,0.7546,0.6753,0.6394,0.7227,0.8039,0.5804
assist2009,sakt,1,first_row,52268,0.7303,0.6771,0.6397,0.7108,0.794,0.6039
assist2009,sakt,1,repeat_row,9636,0.8634,0.6659,0.6376,0.7869,0.8831,0.4149
assist2009,sakt,1,repeat_1,8248,0.8617,0.6868,0.6508,0.7875,0.8914,0.4541
assist2009,sakt,1,repeat_2,1101,0.8731,0.5749,0.5786,0.7856,0.8314,0.2604
assist2009,sakt,1,repeat_3plus,287,0.8842,0.4138,0.4843,0.777,0.6557,0.1183
assist2009,sakt,2,all,61904,0.7552,0.67,0.6394,0.723,0.7932,0.5758
assist2009,sakt,2,first_row,52268,0.7287,0.6696,0.6397,0.7087,0.7815,0.5977
assist2009,sakt,2,repeat_row,9636,0.8716,0.6723,0.6376,0.8001,0.8863,0.4195
assist2009,sakt,2,repeat_1,8248,0.8684,0.69,0.6508,0.7978,0.8933,0.451
assist2009,sakt,2,repeat_2,1101,0.8836,0.5941,0.5786,0.8138,0.8503,0.2342
assist2009,sakt,2,repeat_3plus,287,0.8989,0.4637,0.4843,0.8153,0.7473,0.1053
assist2009,sakt,3,all,61904,0.7537,0.6781,0.6394,0.7224,0.8049,0.5867
assist2009,sakt,3,first_row,52268,0.7273,0.6817,0.6397,0.709,0.7965,0.61
assist2009,sakt,3,repeat_row,9636,0.8696,0.6589,0.6376,0.7946,0.8779,0.3914
assist2009,sakt,3,repeat_1,8248,0.8679,0.6773,0.6508,0.7953,0.8851,0.4242
assist2009,sakt,3,repeat_2,1101,0.8764,0.5817,0.5786,0.7929,0.8356,0.2707
assist2009,sakt,3,repeat_3plus,287,0.8794,0.4267,0.4843,0.7805,0.6951,0.0748
assist2009,sakt,4,all,61904,0.7529,0.6616,0.6394,0.7206,0.786,0.5612
assist2009,sakt,4,first_row,52268,0.7264,0.6587,0.6397,0.7069,0.7722,0.5781
assist2009,sakt,4,repeat_row,9636,0.8707,0.6771,0.6376,0.7949,0.8888,0.4258
assist2009,sakt,4,repeat_1,8248,0.8694,0.6919,0.6508,0.7969,0.8963,0.4457
assist2009,sakt,4,repeat_2,1101,0.8812,0.6181,0.5786,0.7847,0.846,0.3583
assist2009,sakt,4,repeat_3plus,287,0.8514,0.4769,0.4843,0.777,0.7638,0.1352
assist2009,akt,0,all,61904,0.8315,0.644,0.6394,0.7705,0.8054,0.446
assist2009,akt,0,first_row,52268,0.7649,0.6456,0.6397,0.7289,0.7719,0.5237
assist2009,akt,0,repeat_row,9636,0.9999,0.6355,0.6376,0.9963,0.9982,0.0008
assist2009,akt,0,repeat_1,8248,1.0,0.6487,0.6508,0.9967,0.9984,0.0008
assist2009,akt,0,repeat_2,1101,0.9999,0.577,0.5786,0.9936,0.9962,0.0001
assist2009,akt,0,repeat_3plus,287,0.9994,0.4813,0.4843,0.993,0.9917,0.0009
assist2009,akt,1,all,61904,0.8293,0.6432,0.6394,0.77,0.7972,0.4541
assist2009,akt,1,first_row,52268,0.762,0.6446,0.6397,0.7284,0.7648,0.5269
assist2009,akt,1,repeat_row,9636,0.9999,0.6352,0.6376,0.9957,0.9969,0.001
assist2009,akt,1,repeat_1,8248,0.9999,0.6479,0.6508,0.9962,0.997,0.001
assist2009,akt,1,repeat_2,1101,0.9998,0.5802,0.5786,0.9927,0.995,0.0002
assist2009,akt,1,repeat_3plus,287,0.9995,0.4831,0.4843,0.993,0.9912,0.0019
assist2009,akt,2,all,61904,0.8312,0.6446,0.6394,0.7719,0.8017,0.4504
assist2009,akt,2,first_row,52268,0.7646,0.6462,0.6397,0.7304,0.7693,0.5231
assist2009,akt,2,repeat_row,9636,0.9999,0.6355,0.6376,0.9967,0.9977,0.0008
assist2009,akt,2,repeat_1,8248,1.0,0.6485,0.6508,0.997,0.9978,0.0008
assist2009,akt,2,repeat_2,1101,0.9999,0.5781,0.5786,0.9955,0.9973,0.0001
assist2009,akt,2,repeat_3plus,287,0.9995,0.4822,0.4843,0.993,0.9939,0.0016
assist2009,akt,3,all,61904,0.8294,0.6423,0.6394,0.7705,0.7977,0.4565
assist2009,akt,3,first_row,52268,0.7621,0.6437,0.6397,0.7289,0.7654,0.5276
assist2009,akt,3,repeat_row,9636,0.9999,0.6349,0.6376,0.9963,0.9977,0.001
assist2009,akt,3,repeat_1,8248,0.9999,0.6478,0.6508,0.9965,0.9978,0.001
assist2009,akt,3,repeat_2,1101,0.9999,0.5781,0.5786,0.9955,0.9971,0.0002
assist2009,akt,3,repeat_3plus,287,0.9994,0.4813,0.4843,0.993,0.9943,0.0015
assist2009,akt,4,all,61904,0.8299,0.6576,0.6394,0.7708,0.8125,0.4745
assist2009,akt,4,first_row,52268,0.7629,0.6615,0.6397,0.7293,0.7805,0.5506
assist2009,akt,4,repeat_row,9636,0.9999,0.6363,0.6376,0.9958,0.9971,0.0012
assist2009,akt,4,repeat_1,8248,0.9999,0.6492,0.6508,0.9965,0.9973,0.0012
assist2009,akt,4,repeat_2,1101,0.9998,0.5799,0.5786,0.9918,0.9957,0.0001
assist2009,akt,4,repeat_3plus,287,0.9994,0.4845,0.4843,0.993,0.993,0.0017
assist2009,simplekt,0,all,61904,0.8278,0.6761,0.6394,0.7648,0.8887,0.4365
assist2009,simplekt,0,first_row,52268,0.7663,0.6815,0.6397,0.7251,0.8491,0.5191
assist2009,simplekt,0,repeat_row,9636,0.9964,0.6465,0.6376,0.9805,0.9972,0.0033
assist2009,simplekt,0,repeat_1,8248,0.9958,0.6604,0.6508,0.9785,0.9974,0.0036
assist2009,simplekt,0,repeat_2,1101,0.9988,0.5848,0.5786,0.9918,0.9975,0.0018
assist2009,simplekt,0,repeat_3plus,287,1.0,0.4844,0.4843,0.993,0.9915,0.0014
assist2009,simplekt,1,all,61904,0.8269,0.6351,0.6394,0.7612,0.9111,0.2688
assist2009,simplekt,1,first_row,52268,0.7632,0.6358,0.6397,0.72,0.8661,0.3821
assist2009,simplekt,1,repeat_row,9636,0.9988,0.6313,0.6376,0.9848,0.9993,0.0001
assist2009,simplekt,1,repeat_1,8248,0.9985,0.6442,0.6508,0.9831,0.9993,0.0001
assist2009,simplekt,1,repeat_2,1101,1.0,0.5773,0.5786,0.9973,0.9995,0.0
assist2009,simplekt,1,repeat_3plus,287,0.999,0.4679,0.4843,0.9861,0.9928,0.0
assist2009,simplekt,2,all,61904,0.829,0.6342,0.6394,0.7641,0.7868,0.4376
assist2009,simplekt,2,first_row,52268,0.7651,0.6342,0.6397,0.723,0.7432,0.4952
assist2009,simplekt,2,repeat_row,9636,0.9987,0.6338,0.6376,0.9869,0.992,0.0041
assist2009,simplekt,2,repeat_1,8248,0.9984,0.6448,0.6508,0.9864,0.9913,0.0044
assist2009,simplekt,2,repeat_2,1101,0.9999,0.5927,0.5786,0.9891,0.996,0.0028
assist2009,simplekt,2,repeat_3plus,287,0.9999,0.4734,0.4843,0.993,0.9838,0.0014
assist2009,simplekt,3,all,61904,0.8321,0.6433,0.6394,0.7699,0.8396,0.3951
assist2009,simplekt,3,first_row,52268,0.7716,0.6441,0.6397,0.7309,0.797,0.4692
assist2009,simplekt,3,repeat_row,9636,0.9976,0.639,0.6376,0.9813,0.9938,0.0025
assist2009,simplekt,3,repeat_1,8248,0.9971,0.653,0.6508,0.9795,0.9943,0.0031
assist2009,simplekt,3,repeat_2,1101,0.9999,0.5787,0.5786,0.9946,0.9935,0.0009
assist2009,simplekt,3,repeat_3plus,287,0.9988,0.4697,0.4843,0.9826,0.9771,0.0004
assist2009,simplekt,4,all,61904,0.8319,0.6975,0.6394,0.7701,0.9389,0.4245
assist2009,simplekt,4,first_row,52268,0.77,0.7083,0.6397,0.7302,0.9093,0.5419
assist2009,simplekt,4,repeat_row,9636,0.9987,0.6391,0.6376,0.9867,0.9994,0.0003
assist2009,simplekt,4,repeat_1,8248,0.9986,0.6525,0.6508,0.9855,0.9995,0.0004
assist2009,simplekt,4,repeat_2,1101,0.9999,0.5806,0.5786,0.9946,0.9993,0.0002
assist2009,simplekt,4,repeat_3plus,287,0.999,0.4769,0.4843,0.993,0.9987,0.0
assist2012,dkt,0,all,536087,0.7293,0.7033,0.696,0.733,0.7782,0.6283
assist2012,dkt,0,first_row,536087,0.7293,0.7033,0.696,0.733,0.7782,0.6283
assist2012,dkt,0,repeat_row,0,,,,,,
assist2012,dkt,0,repeat_1,0,,,,,,
assist2012,dkt,0,repeat_2,0,,,,,,
assist2012,dkt,0,repeat_3plus,0,,,,,,
assist2012,dkt,1,all,536087,0.7293,0.6922,0.696,0.7337,0.7681,0.6131
assist2012,dkt,1,first_row,536087,0.7293,0.6922,0.696,0.7337,0.7681,0.6131
assist2012,dkt,1,repeat_row,0,,,,,,
assist2012,dkt,1,repeat_1,0,,,,,,
assist2012,dkt,1,repeat_2,0,,,,,,
assist2012,dkt,1,repeat_3plus,0,,,,,,
assist2012,dkt,2,all,536087,0.7289,0.6991,0.696,0.7334,0.7742,0.621
assist2012,dkt,2,first_row,536087,0.7289,0.6991,0.696,0.7334,0.7742,0.621
assist2012,dkt,2,repeat_row,0,,,,,,
assist2012,dkt,2,repeat_1,0,,,,,,
assist2012,dkt,2,repeat_2,0,,,,,,
assist2012,dkt,2,repeat_3plus,0,,,,,,
assist2012,dkt,3,all,536087,0.7301,0.6988,0.696,0.7342,0.7757,0.6205
assist2012,dkt,3,first_row,536087,0.7301,0.6988,0.696,0.7342,0.7757,0.6205
assist2012,dkt,3,repeat_row,0,,,,,,
assist2012,dkt,3,repeat_1,0,,,,,,
assist2012,dkt,3,repeat_2,0,,,,,,
assist2012,dkt,3,repeat_3plus,0,,,,,,
assist2012,dkt,4,all,536087,0.7303,0.706,0.696,0.7337,0.7831,0.631
assist2012,dkt,4,first_row,536087,0.7303,0.706,0.696,0.7337,0.7831,0.631
assist2012,dkt,4,repeat_row,0,,,,,,
assist2012,dkt,4,repeat_1,0,,,,,,
assist2012,dkt,4,repeat_2,0,,,,,,
assist2012,dkt,4,repeat_3plus,0,,,,,,
assist2012,sakt,0,all,536087,0.7073,0.6898,0.696,0.724,0.7554,0.6318
assist2012,sakt,0,first_row,536087,0.7073,0.6898,0.696,0.724,0.7554,0.6318
assist2012,sakt,0,repeat_row,0,,,,,,
assist2012,sakt,0,repeat_1,0,,,,,,
assist2012,sakt,0,repeat_2,0,,,,,,
assist2012,sakt,0,repeat_3plus,0,,,,,,
assist2012,sakt,1,all,536087,0.7069,0.6974,0.696,0.7237,0.7642,0.6422
assist2012,sakt,1,first_row,536087,0.7069,0.6974,0.696,0.7237,0.7642,0.6422
assist2012,sakt,1,repeat_row,0,,,,,,
assist2012,sakt,1,repeat_1,0,,,,,,
assist2012,sakt,1,repeat_2,0,,,,,,
assist2012,sakt,1,repeat_3plus,0,,,,,,
assist2012,sakt,2,all,536087,0.7067,0.6945,0.696,0.7234,0.7628,0.6374
assist2012,sakt,2,first_row,536087,0.7067,0.6945,0.696,0.7234,0.7628,0.6374
assist2012,sakt,2,repeat_row,0,,,,,,
assist2012,sakt,2,repeat_1,0,,,,,,
assist2012,sakt,2,repeat_2,0,,,,,,
assist2012,sakt,2,repeat_3plus,0,,,,,,
assist2012,sakt,3,all,536087,0.7065,0.6927,0.696,0.7235,0.7588,0.636
assist2012,sakt,3,first_row,536087,0.7065,0.6927,0.696,0.7235,0.7588,0.636
assist2012,sakt,3,repeat_row,0,,,,,,
assist2012,sakt,3,repeat_1,0,,,,,,
assist2012,sakt,3,repeat_2,0,,,,,,
assist2012,sakt,3,repeat_3plus,0,,,,,,
assist2012,sakt,4,all,536087,0.7079,0.7182,0.696,0.7241,0.7875,0.6666
assist2012,sakt,4,first_row,536087,0.7079,0.7182,0.696,0.7241,0.7875,0.6666
assist2012,sakt,4,repeat_row,0,,,,,,
assist2012,sakt,4,repeat_1,0,,,,,,
assist2012,sakt,4,repeat_2,0,,,,,,
assist2012,sakt,4,repeat_3plus,0,,,,,,
assist2012,akt,0,all,536087,0.7729,0.7021,0.696,0.7532,0.8217,0.5657
assist2012,akt,0,first_row,536087,0.7729,0.7021,0.696,0.7532,0.8217,0.5657
assist2012,akt,0,repeat_row,0,,,,,,
assist2012,akt,0,repeat_1,0,,,,,,
assist2012,akt,0,repeat_2,0,,,,,,
assist2012,akt,0,repeat_3plus,0,,,,,,
assist2012,akt,1,all,536087,0.7728,0.7026,0.696,0.7536,0.8223,0.5663
assist2012,akt,1,first_row,536087,0.7728,0.7026,0.696,0.7536,0.8223,0.5663
assist2012,akt,1,repeat_row,0,,,,,,
assist2012,akt,1,repeat_1,0,,,,,,
assist2012,akt,1,repeat_2,0,,,,,,
assist2012,akt,1,repeat_3plus,0,,,,,,
assist2012,akt,2,all,536087,0.7717,0.7032,0.696,0.7522,0.8211,0.5697
assist2012,akt,2,first_row,536087,0.7717,0.7032,0.696,0.7522,0.8211,0.5697
assist2012,akt,2,repeat_row,0,,,,,,
assist2012,akt,2,repeat_1,0,,,,,,
assist2012,akt,2,repeat_2,0,,,,,,
assist2012,akt,2,repeat_3plus,0,,,,,,
assist2012,akt,3,all,536087,0.7715,0.7048,0.696,0.7528,0.8216,0.5729
assist2012,akt,3,first_row,536087,0.7715,0.7048,0.696,0.7528,0.8216,0.5729
assist2012,akt,3,repeat_row,0,,,,,,
assist2012,akt,3,repeat_1,0,,,,,,
assist2012,akt,3,repeat_2,0,,,,,,
assist2012,akt,3,repeat_3plus,0,,,,,,
assist2012,akt,4,all,536087,0.7725,0.7005,0.696,0.7533,0.8173,0.5657
assist2012,akt,4,first_row,536087,0.7725,0.7005,0.696,0.7533,0.8173,0.5657
assist2012,akt,4,repeat_row,0,,,,,,
assist2012,akt,4,repeat_1,0,,,,,,
assist2012,akt,4,repeat_2,0,,,,,,
assist2012,akt,4,repeat_3plus,0,,,,,,
assist2012,simplekt,0,all,536087,0.7692,0.6787,0.696,0.7511,0.7864,0.5428
assist2012,simplekt,0,first_row,536087,0.7692,0.6787,0.696,0.7511,0.7864,0.5428
assist2012,simplekt,0,repeat_row,0,,,,,,
assist2012,simplekt,0,repeat_1,0,,,,,,
assist2012,simplekt,0,repeat_2,0,,,,,,
assist2012,simplekt,0,repeat_3plus,0,,,,,,
assist2012,simplekt,1,all,536087,0.7703,0.6777,0.696,0.7506,0.7881,0.5403
assist2012,simplekt,1,first_row,536087,0.7703,0.6777,0.696,0.7506,0.7881,0.5403
assist2012,simplekt,1,repeat_row,0,,,,,,
assist2012,simplekt,1,repeat_1,0,,,,,,
assist2012,simplekt,1,repeat_2,0,,,,,,
assist2012,simplekt,1,repeat_3plus,0,,,,,,
assist2012,simplekt,2,all,536087,0.771,0.6974,0.696,0.7526,0.8075,0.5605
assist2012,simplekt,2,first_row,536087,0.771,0.6974,0.696,0.7526,0.8075,0.5605
assist2012,simplekt,2,repeat_row,0,,,,,,
assist2012,simplekt,2,repeat_1,0,,,,,,
assist2012,simplekt,2,repeat_2,0,,,,,,
assist2012,simplekt,2,repeat_3plus,0,,,,,,
assist2012,simplekt,3,all,536087,0.7702,0.6846,0.696,0.7511,0.7955,0.5452
assist2012,simplekt,3,first_row,536087,0.7702,0.6846,0.696,0.7511,0.7955,0.5452
assist2012,simplekt,3,repeat_row,0,,,,,,
assist2012,simplekt,3,repeat_1,0,,,,,,
assist2012,simplekt,3,repeat_2,0,,,,,,
assist2012,simplekt,3,repeat_3plus,0,,,,,,
assist2012,simplekt,4,all,536087,0.7707,0.6958,0.696,0.7523,0.812,0.5532
assist2012,simplekt,4,first_row,536087,0.7707,0.6958,0.696,0.7523,0.812,0.5532
assist2012,simplekt,4,repeat_row,0,,,,,,
assist2012,simplekt,4,repeat_1,0,,,,,,
assist2012,simplekt,4,repeat_2,0,,,,,,
assist2012,simplekt,4,repeat_3plus,0,,,,,,
assist2015,dkt,0,all,134592,0.727,0.7294,0.7334,0.751,0.7951,0.6378
assist2015,dkt,0,first_row,134592,0.727,0.7294,0.7334,0.751,0.7951,0.6378
assist2015,dkt,0,repeat_row,0,,,,,,
assist2015,dkt,0,repeat_1,0,,,,,,
assist2015,dkt,0,repeat_2,0,,,,,,
assist2015,dkt,0,repeat_3plus,0,,,,,,
assist2015,dkt,1,all,134592,0.7263,0.7372,0.7334,0.7512,0.8011,0.6501
assist2015,dkt,1,first_row,134592,0.7263,0.7372,0.7334,0.7512,0.8011,0.6501
assist2015,dkt,1,repeat_row,0,,,,,,
assist2015,dkt,1,repeat_1,0,,,,,,
assist2015,dkt,1,repeat_2,0,,,,,,
assist2015,dkt,1,repeat_3plus,0,,,,,,
assist2015,dkt,2,all,134592,0.7271,0.7314,0.7334,0.7502,0.7973,0.6404
assist2015,dkt,2,first_row,134592,0.7271,0.7314,0.7334,0.7502,0.7973,0.6404
assist2015,dkt,2,repeat_row,0,,,,,,
assist2015,dkt,2,repeat_1,0,,,,,,
assist2015,dkt,2,repeat_2,0,,,,,,
assist2015,dkt,2,repeat_3plus,0,,,,,,
assist2015,dkt,3,all,134592,0.7266,0.7332,0.7334,0.7509,0.7969,0.643
assist2015,dkt,3,first_row,134592,0.7266,0.7332,0.7334,0.7509,0.7969,0.643
assist2015,dkt,3,repeat_row,0,,,,,,
assist2015,dkt,3,repeat_1,0,,,,,,
assist2015,dkt,3,repeat_2,0,,,,,,
assist2015,dkt,3,repeat_3plus,0,,,,,,
assist2015,dkt,4,all,134592,0.7271,0.7383,0.7334,0.7504,0.7998,0.6539
assist2015,dkt,4,first_row,134592,0.7271,0.7383,0.7334,0.7504,0.7998,0.6539
assist2015,dkt,4,repeat_row,0,,,,,,
assist2015,dkt,4,repeat_1,0,,,,,,
assist2015,dkt,4,repeat_2,0,,,,,,
assist2015,dkt,4,repeat_3plus,0,,,,,,
assist2015,sakt,0,all,134592,0.7043,0.7498,0.7334,0.746,0.8051,0.6874
assist2015,sakt,0,first_row,134592,0.7043,0.7498,0.7334,0.746,0.8051,0.6874
assist2015,sakt,0,repeat_row,0,,,,,,
assist2015,sakt,0,repeat_1,0,,,,,,
assist2015,sakt,0,repeat_2,0,,,,,,
assist2015,sakt,0,repeat_3plus,0,,,,,,
assist2015,sakt,1,all,134592,0.7051,0.7444,0.7334,0.7469,0.8001,0.6818
assist2015,sakt,1,first_row,134592,0.7051,0.7444,0.7334,0.7469,0.8001,0.6818
assist2015,sakt,1,repeat_row,0,,,,,,
assist2015,sakt,1,repeat_1,0,,,,,,
assist2015,sakt,1,repeat_2,0,,,,,,
assist2015,sakt,1,repeat_3plus,0,,,,,,
assist2015,sakt,2,all,134592,0.7049,0.7511,0.7334,0.7447,0.8103,0.6876
assist2015,sakt,2,first_row,134592,0.7049,0.7511,0.7334,0.7447,0.8103,0.6876
assist2015,sakt,2,repeat_row,0,,,,,,
assist2015,sakt,2,repeat_1,0,,,,,,
assist2015,sakt,2,repeat_2,0,,,,,,
assist2015,sakt,2,repeat_3plus,0,,,,,,
assist2015,sakt,3,all,134592,0.705,0.7509,0.7334,0.746,0.8107,0.6853
assist2015,sakt,3,first_row,134592,0.705,0.7509,0.7334,0.746,0.8107,0.6853
assist2015,sakt,3,repeat_row,0,,,,,,
assist2015,sakt,3,repeat_1,0,,,,,,
assist2015,sakt,3,repeat_2,0,,,,,,
assist2015,sakt,3,repeat_3plus,0,,,,,,
assist2015,sakt,4,all,134592,0.7046,0.7479,0.7334,0.7454,0.8002,0.6972
assist2015,sakt,4,first_row,134592,0.7046,0.7479,0.7334,0.7454,0.8002,0.6972
assist2015,sakt,4,repeat_row,0,,,,,,
assist2015,sakt,4,repeat_1,0,,,,,,
assist2015,sakt,4,repeat_2,0,,,,,,
assist2015,sakt,4,repeat_3plus,0,,,,,,
assist2015,akt,0,all,134592,0.7234,0.7401,0.7334,0.751,0.8038,0.6638
assist2015,akt,0,first_row,134592,0.7234,0.7401,0.7334,0.751,0.8038,0.6638
assist2015,akt,0,repeat_row,0,,,,,,
assist2015,akt,0,repeat_1,0,,,,,,
assist2015,akt,0,repeat_2,0,,,,,,
assist2015,akt,0,repeat_3plus,0,,,,,,
assist2015,akt,1,all,134592,0.7226,0.7401,0.7334,0.7505,0.8031,0.663
assist2015,akt,1,first_row,134592,0.7226,0.7401,0.7334,0.7505,0.8031,0.663
assist2015,akt,1,repeat_row,0,,,,,,
assist2015,akt,1,repeat_1,0,,,,,,
assist2015,akt,1,repeat_2,0,,,,,,
assist2015,akt,1,repeat_3plus,0,,,,,,
assist2015,akt,2,all,134592,0.7233,0.7384,0.7334,0.7508,0.8026,0.6616
assist2015,akt,2,first_row,134592,0.7233,0.7384,0.7334,0.7508,0.8026,0.6616
assist2015,akt,2,repeat_row,0,,,,,,
assist2015,akt,2,repeat_1,0,,,,,,
assist2015,akt,2,repeat_2,0,,,,,,
assist2015,akt,2,repeat_3plus,0,,,,,,
assist2015,akt,3,all,134592,0.7223,0.7394,0.7334,0.7505,0.8016,0.6634
assist2015,akt,3,first_row,134592,0.7223,0.7394,0.7334,0.7505,0.8016,0.6634
assist2015,akt,3,repeat_row,0,,,,,,
assist2015,akt,3,repeat_1,0,,,,,,
assist2015,akt,3,repeat_2,0,,,,,,
assist2015,akt,3,repeat_3plus,0,,,,,,
assist2015,akt,4,all,134592,0.7232,0.7414,0.7334,0.7507,0.8005,0.6704
assist2015,akt,4,first_row,134592,0.7232,0.7414,0.7334,0.7507,0.8005,0.6704
assist2015,akt,4,repeat_row,0,,,,,,
assist2015,akt,4,repeat_1,0,,,,,,
assist2015,akt,4,repeat_2,0,,,,,,
assist2015,akt,4,repeat_3plus,0,,,,,,
assist2015,simplekt,0,all,134592,0.7178,0.7061,0.7334,0.7479,0.7563,0.6207
assist2015,simplekt,0,first_row,134592,0.7178,0.7061,0.7334,0.7479,0.7563,0.6207
assist2015,simplekt,0,repeat_row,0,,,,,,
assist2015,simplekt,0,repeat_1,0,,,,,,
assist2015,simplekt,0,repeat_2,0,,,,,,
assist2015,simplekt,0,repeat_3plus,0,,,,,,
assist2015,simplekt,1,all,134592,0.7192,0.7194,0.7334,0.7497,0.7709,0.6422
assist2015,simplekt,1,first_row,134592,0.7192,0.7194,0.7334,0.7497,0.7709,0.6422
assist2015,simplekt,1,repeat_row,0,,,,,,
assist2015,simplekt,1,repeat_1,0,,,,,,
assist2015,simplekt,1,repeat_2,0,,,,,,
assist2015,simplekt,1,repeat_3plus,0,,,,,,
assist2015,simplekt,2,all,134592,0.7178,0.726,0.7334,0.7482,0.7845,0.6437
assist2015,simplekt,2,first_row,134592,0.7178,0.726,0.7334,0.7482,0.7845,0.6437
assist2015,simplekt,2,repeat_row,0,,,,,,
assist2015,simplekt,2,repeat_1,0,,,,,,
assist2015,simplekt,2,repeat_2,0,,,,,,
assist2015,simplekt,2,repeat_3plus,0,,,,,,
assist2015,simplekt,3,all,134592,0.7178,0.7238,0.7334,0.7484,0.7767,0.6421
assist2015,simplekt,3,first_row,134592,0.7178,0.7238,0.7334,0.7484,0.7767,0.6421
assist2015,simplekt,3,repeat_row,0,,,,,,
assist2015,simplekt,3,repeat_1,0,,,,,,
assist2015,simplekt,3,repeat_2,0,,,,,,
assist2015,simplekt,3,repeat_3plus,0,,,,,,
assist2015,simplekt,4,all,134592,0.7157,0.7645,0.7334,0.7481,0.8257,0.699
assist2015,simplekt,4,first_row,134592,0.7157,0.7645,0.7334,0.7481,0.8257,0.699
assist2015,simplekt,4,repeat_row,0,,,,,,
assist2015,simplekt,4,repeat_1,0,,,,,,
assist2015,simplekt,4,repeat_2,0,,,,,,
assist2015,simplekt,4,repeat_3plus,0,,,,,,
assist2017,dkt,0,all,177767,0.7168,0.383,0.3717,0.6861,0.4605,0.3119
assist2017,dkt,0,first_row,177767,0.7168,0.383,0.3717,0.6861,0.4605,0.3119
assist2017,dkt,0,repeat_row,0,,,,,,
assist2017,dkt,0,repeat_1,0,,,,,,
assist2017,dkt,0,repeat_2,0,,,,,,
assist2017,dkt,0,repeat_3plus,0,,,,,,
assist2017,dkt,1,all,177767,0.7163,0.3911,0.3717,0.6847,0.4719,0.3164
assist2017,dkt,1,first_row,177767,0.7163,0.3911,0.3717,0.6847,0.4719,0.3164
assist2017,dkt,1,repeat_row,0,,,,,,
assist2017,dkt,1,repeat_1,0,,,,,,
assist2017,dkt,1,repeat_2,0,,,,,,
assist2017,dkt,1,repeat_3plus,0,,,,,,
assist2017,dkt,2,all,177767,0.7131,0.3822,0.3717,0.6847,0.4526,0.3198
assist2017,dkt,2,first_row,177767,0.7131,0.3822,0.3717,0.6847,0.4526,0.3198
assist2017,dkt,2,repeat_row,0,,,,,,
assist2017,dkt,2,repeat_1,0,,,,,,
assist2017,dkt,2,repeat_2,0,,,,,,
assist2017,dkt,2,repeat_3plus,0,,,,,,
assist2017,dkt,3,all,177767,0.7166,0.3859,0.3717,0.6856,0.4594,0.3177
assist2017,dkt,3,first_row,177767,0.7166,0.3859,0.3717,0.6856,0.4594,0.3177
assist2017,dkt,3,repeat_row,0,,,,,,
assist2017,dkt,3,repeat_1,0,,,,,,
assist2017,dkt,3,repeat_2,0,,,,,,
assist2017,dkt,3,repeat_3plus,0,,,,,,
assist2017,dkt,4,all,177767,0.7133,0.3943,0.3717,0.6826,0.467,0.3247
assist2017,dkt,4,first_row,177767,0.7133,0.3943,0.3717,0.6826,0.467,0.3247
assist2017,dkt,4,repeat_row,0,,,,,,
assist2017,dkt,4,repeat_1,0,,,,,,
assist2017,dkt,4,repeat_2,0,,,,,,
assist2017,dkt,4,repeat_3plus,0,,,,,,
assist2017,sakt,0,all,177767,0.6537,0.3753,0.3717,0.6655,0.3902,0.3201
assist2017,sakt,0,first_row,177767,0.6537,0.3753,0.3717,0.6655,0.3902,0.3201
assist2017,sakt,0,repeat_row,0,,,,,,
assist2017,sakt,0,repeat_1,0,,,,,,
assist2017,sakt,0,repeat_2,0,,,,,,
assist2017,sakt,0,repeat_3plus,0,,,,,,
assist2017,sakt,1,all,177767,0.6533,0.372,0.3717,0.6652,0.3877,0.3139
assist2017,sakt,1,first_row,177767,0.6533,0.372,0.3717,0.6652,0.3877,0.3139
assist2017,sakt,1,repeat_row,0,,,,,,
assist2017,sakt,1,repeat_1,0,,,,,,
assist2017,sakt,1,repeat_2,0,,,,,,
assist2017,sakt,1,repeat_3plus,0,,,,,,
assist2017,sakt,2,all,177767,0.6539,0.3685,0.3717,0.6653,0.3835,0.3102
assist2017,sakt,2,first_row,177767,0.6539,0.3685,0.3717,0.6653,0.3835,0.3102
assist2017,sakt,2,repeat_row,0,,,,,,
assist2017,sakt,2,repeat_1,0,,,,,,
assist2017,sakt,2,repeat_2,0,,,,,,
assist2017,sakt,2,repeat_3plus,0,,,,,,
assist2017,sakt,3,all,177767,0.6524,0.3686,0.3717,0.6648,0.3868,0.3129
assist2017,sakt,3,first_row,177767,0.6524,0.3686,0.3717,0.6648,0.3868,0.3129
assist2017,sakt,3,repeat_row,0,,,,,,
assist2017,sakt,3,repeat_1,0,,,,,,
assist2017,sakt,3,repeat_2,0,,,,,,
assist2017,sakt,3,repeat_3plus,0,,,,,,
assist2017,sakt,4,all,177767,0.6516,0.3633,0.3717,0.6638,0.3734,0.3103
assist2017,sakt,4,first_row,177767,0.6516,0.3633,0.3717,0.6638,0.3734,0.3103
assist2017,sakt,4,repeat_row,0,,,,,,
assist2017,sakt,4,repeat_1,0,,,,,,
assist2017,sakt,4,repeat_2,0,,,,,,
assist2017,sakt,4,repeat_3plus,0,,,,,,
assist2017,akt,0,all,177767,0.7583,0.3807,0.3717,0.7096,0.4992,0.2769
assist2017,akt,0,first_row,177767,0.7583,0.3807,0.3717,0.7096,0.4992,0.2769
assist2017,akt,0,repeat_row,0,,,,,,
assist2017,akt,0,repeat_1,0,,,,,,
assist2017,akt,0,repeat_2,0,,,,,,
assist2017,akt,0,repeat_3plus,0,,,,,,
assist2017,akt,1,all,177767,0.7582,0.38,0.3717,0.7104,0.4986,0.2795
assist2017,akt,1,first_row,177767,0.7582,0.38,0.3717,0.7104,0.4986,0.2795
assist2017,akt,1,repeat_row,0,,,,,,
assist2017,akt,1,repeat_1,0,,,,,,
assist2017,akt,1,repeat_2,0,,,,,,
assist2017,akt,1,repeat_3plus,0,,,,,,
assist2017,akt,2,all,177767,0.7576,0.3871,0.3717,0.7082,0.504,0.2849
assist2017,akt,2,first_row,177767,0.7576,0.3871,0.3717,0.7082,0.504,0.2849
assist2017,akt,2,repeat_row,0,,,,,,
assist2017,akt,2,repeat_1,0,,,,,,
assist2017,akt,2,repeat_2,0,,,,,,
assist2017,akt,2,repeat_3plus,0,,,,,,
assist2017,akt,3,all,177767,0.7586,0.3819,0.3717,0.71,0.5038,0.2799
assist2017,akt,3,first_row,177767,0.7586,0.3819,0.3717,0.71,0.5038,0.2799
assist2017,akt,3,repeat_row,0,,,,,,
assist2017,akt,3,repeat_1,0,,,,,,
assist2017,akt,3,repeat_2,0,,,,,,
assist2017,akt,3,repeat_3plus,0,,,,,,
assist2017,akt,4,all,177767,0.7595,0.3868,0.3717,0.7108,0.5075,0.2772
assist2017,akt,4,first_row,177767,0.7595,0.3868,0.3717,0.7108,0.5075,0.2772
assist2017,akt,4,repeat_row,0,,,,,,
assist2017,akt,4,repeat_1,0,,,,,,
assist2017,akt,4,repeat_2,0,,,,,,
assist2017,akt,4,repeat_3plus,0,,,,,,
assist2017,simplekt,0,all,177767,0.755,0.3863,0.3717,0.7077,0.5119,0.2722
assist2017,simplekt,0,first_row,177767,0.755,0.3863,0.3717,0.7077,0.5119,0.2722
assist2017,simplekt,0,repeat_row,0,,,,,,
assist2017,simplekt,0,repeat_1,0,,,,,,
assist2017,simplekt,0,repeat_2,0,,,,,,
assist2017,simplekt,0,repeat_3plus,0,,,,,,
assist2017,simplekt,1,all,177767,0.7565,0.3655,0.3717,0.7113,0.4853,0.2583
assist2017,simplekt,1,first_row,177767,0.7565,0.3655,0.3717,0.7113,0.4853,0.2583
assist2017,simplekt,1,repeat_row,0,,,,,,
assist2017,simplekt,1,repeat_1,0,,,,,,
assist2017,simplekt,1,repeat_2,0,,,,,,
assist2017,simplekt,1,repeat_3plus,0,,,,,,
assist2017,simplekt,2,all,177767,0.7547,0.3525,0.3717,0.7101,0.4586,0.2535
assist2017,simplekt,2,first_row,177767,0.7547,0.3525,0.3717,0.7101,0.4586,0.2535
assist2017,simplekt,2,repeat_row,0,,,,,,
assist2017,simplekt,2,repeat_1,0,,,,,,
assist2017,simplekt,2,repeat_2,0,,,,,,
assist2017,simplekt,2,repeat_3plus,0,,,,,,
assist2017,simplekt,3,all,177767,0.751,0.3876,0.3717,0.7067,0.4961,0.3009
assist2017,simplekt,3,first_row,177767,0.751,0.3876,0.3717,0.7067,0.4961,0.3009
assist2017,simplekt,3,repeat_row,0,,,,,,
assist2017,simplekt,3,repeat_1,0,,,,,,
assist2017,simplekt,3,repeat_2,0,,,,,,
assist2017,simplekt,3,repeat_3plus,0,,,,,,
assist2017,simplekt,4,all,177767,0.7576,0.395,0.3717,0.7108,0.5129,0.3055
assist2017,simplekt,4,first_row,177767,0.7576,0.395,0.3717,0.7108,0.5129,0.3055
assist2017,simplekt,4,repeat_row,0,,,,,,
assist2017,simplekt,4,repeat_1,0,,,,,,
assist2017,simplekt,4,repeat_2,0,,,,,,
assist2017,simplekt,4,repeat_3plus,0,,,,,,
bridge2algebra2006,dkt,0,all,353631,0.7977,0.841,0.839,0.8546,0.9258,0.7098
bridge2algebra2006,dkt,0,first_row,352376,0.7963,0.8411,0.839,0.8541,0.9255,0.7112
bridge2algebra2006,dkt,0,repeat_row,1255,0.997,0.8199,0.8191,0.9801,0.995,0.0471
bridge2algebra2006,dkt,0,repeat_1,1238,0.9972,0.8186,0.8183,0.9806,0.995,0.0471
bridge2algebra2006,dkt,0,repeat_2,15,1.0,0.903,0.8667,0.9333,0.9877,0.4382
bridge2algebra2006,dkt,0,repeat_3plus,2,,0.9974,1.0,1.0,0.9974,
bridge2algebra2006,dkt,1,all,353631,0.797,0.8395,0.839,0.8542,0.9257,0.7071
bridge2algebra2006,dkt,1,first_row,352376,0.7956,0.8396,0.839,0.8538,0.9254,0.7084
bridge2algebra2006,dkt,1,repeat_row,1255,0.9961,0.8231,0.8191,0.9697,0.9938,0.052
bridge2algebra2006,dkt,1,repeat_1,1238,0.9962,0.822,0.8183,0.9701,0.9938,0.0517
bridge2algebra2006,dkt,1,repeat_2,15,1.0,0.8884,0.8667,0.9333,0.99,0.3598
bridge2algebra2006,dkt,1,repeat_3plus,2,,0.9971,1.0,1.0,0.9971,
bridge2algebra2006,dkt,2,all,353631,0.7966,0.8377,0.839,0.8541,0.9216,0.7064
bridge2algebra2006,dkt,2,first_row,352376,0.7952,0.8378,0.839,0.8537,0.9213,0.7079
bridge2algebra2006,dkt,2,repeat_row,1255,0.9965,0.8189,0.8191,0.9777,0.9938,0.0755
bridge2algebra2006,dkt,2,repeat_1,1238,0.9966,0.8185,0.8183,0.9782,0.9941,0.0755
bridge2algebra2006,dkt,2,repeat_2,15,1.0,0.8245,0.8667,0.9333,0.8992,0.3248
bridge2algebra2006,dkt,2,repeat_3plus,2,,0.9738,1.0,1.0,0.9738,
bridge2algebra2006,dkt,3,all,353631,0.7957,0.8348,0.839,0.8535,0.9204,0.7019
bridge2algebra2006,dkt,3,first_row,352376,0.7943,0.8349,0.839,0.8531,0.92,0.7031
bridge2algebra2006,dkt,3,repeat_row,1255,0.9975,0.8202,0.8191,0.9761,0.9942,0.0593
bridge2algebra2006,dkt,3,repeat_1,1238,0.9975,0.8194,0.8183,0.9758,0.9943,0.0593
bridge2algebra2006,dkt,3,repeat_2,15,1.0,0.8629,0.8667,1.0,0.9882,0.1895
bridge2algebra2006,dkt,3,repeat_3plus,2,,0.996,1.0,1.0,0.996,
bridge2algebra2006,dkt,4,all,353631,0.7971,0.8348,0.839,0.8541,0.9201,0.7007
bridge2algebra2006,dkt,4,first_row,352376,0.7958,0.8349,0.839,0.8536,0.9198,0.702
bridge2algebra2006,dkt,4,repeat_row,1255,0.996,0.821,0.8191,0.9753,0.9911,0.0752
bridge2algebra2006,dkt,4,repeat_1,1238,0.9961,0.8201,0.8183,0.9758,0.9912,0.0752
bridge2algebra2006,dkt,4,repeat_2,15,1.0,0.878,0.8667,0.9333,0.9762,0.3403
bridge2algebra2006,dkt,4,repeat_3plus,2,,0.9954,1.0,1.0,0.9954,
bridge2algebra2006,sakt,0,all,353631,0.7616,0.8409,0.839,0.847,0.9143,0.7548
bridge2algebra2006,sakt,0,first_row,352376,0.7615,0.8409,0.839,0.847,0.9143,0.755
bridge2algebra2006,sakt,0,repeat_row,1255,0.7877,0.833,0.8191,0.8534,0.9134,0.6742
bridge2algebra2006,sakt,0,repeat_1,1238,0.789,0.8345,0.8183,0.853,0.9141,0.675
bridge2algebra2006,sakt,0,repeat_2,15,0.8077,0.7192,0.8667,0.8667,0.6841,0.6072
bridge2algebra2006,sakt,0,repeat_3plus,2,,0.7748,1.0,1.0,0.7748,
bridge2algebra2006,sakt,1,all,353631,0.7619,0.8398,0.839,0.8474,0.9126,0.7516
bridge2algebra2006,sakt,1,first_row,352376,0.7617,0.8398,0.839,0.8474,0.9126,0.7517
bridge2algebra2006,sakt,1,repeat_row,1255,0.7965,0.831,0.8191,0.8502,0.912,0.6899
bridge2algebra2006,sakt,1,repeat_1,1238,0.7986,0.8327,0.8183,0.8498,0.9125,0.6924
bridge2algebra2006,sakt,1,repeat_2,15,0.7692,0.698,0.8667,0.8667,0.654,0.5855
bridge2algebra2006,sakt,1,repeat_3plus,2,,0.7225,1.0,1.0,0.7225,
bridge2algebra2006,sakt,2,all,353631,0.7609,0.8362,0.839,0.8473,0.9109,0.747
bridge2algebra2006,sakt,2,first_row,352376,0.7608,0.8363,0.839,0.8473,0.9109,0.7471
bridge2algebra2006,sakt,2,repeat_row,1255,0.7808,0.8149,0.8191,0.8494,0.8959,0.6837
bridge2algebra2006,sakt,2,repeat_1,1238,0.7836,0.8178,0.8183,0.8514,0.8968,0.6842
bridge2algebra2006,sakt,2,repeat_2,15,0.7692,0.6006,0.8667,0.6667,0.5021,0.455
bridge2algebra2006,sakt,2,repeat_3plus,2,,0.644,1.0,1.0,0.644,
bridge2algebra2006,sakt,3,all,353631,0.761,0.842,0.839,0.8471,0.9142,0.755
bridge2algebra2006,sakt,3,first_row,352376,0.7609,0.8421,0.839,0.8471,0.9143,0.7551
bridge2algebra2006,sakt,3,repeat_row,1255,0.7943,0.8205,0.8191,0.847,0.8998,0.6658
bridge2algebra2006,sakt,3,repeat_1,1238,0.7962,0.8223,0.8183,0.8465,0.9004,0.666
bridge2algebra2006,sakt,3,repeat_2,15,0.8077,0.6865,0.8667,0.8667,0.6355,0.5766
bridge2algebra2006,sakt,3,repeat_3plus,2,,0.7161,1.0,1.0,0.7161,
bridge2algebra2006,sakt,4,all,353631,0.7602,0.8429,0.839,0.8474,0.9246,0.7488
bridge2algebra2006,sakt,4,first_row,352376,0.7602,0.843,0.839,0.8474,0.9248,0.749
bridge2algebra2006,sakt,4,repeat_row,1255,0.7684,0.8041,0.8191,0.8438,0.879,0.681
bridge2algebra2006,sakt,4,repeat_1,1238,0.7694,0.8054,0.8183,0.8433,0.8794,0.6818
bridge2algebra2006,sakt,4,repeat_2,15,0.9231,0.701,0.8667,0.8667,0.6635,0.5645
bridge2algebra2006,sakt,4,repeat_3plus,2,,0.7652,1.0,1.0,0.7652,
bridge2algebra2006,akt,0,all,353631,0.807,0.8428,0.839,0.8538,0.9287,0.6915
bridge2algebra2006,akt,0,first_row,352376,0.8065,0.8428,0.839,0.8537,0.9287,0.6921
bridge2algebra2006,akt,0,repeat_row,1255,0.9246,0.8338,0.8191,0.8924,0.9405,0.5388
bridge2algebra2006,akt,0,repeat_1,1238,0.9284,0.8344,0.8183,0.8934,0.9419,0.5388
bridge2algebra2006,akt,0,repeat_2,15,0.5385,0.7784,0.8667,0.8,0.9016,0.6611
bridge2algebra2006,akt,0,repeat_3plus,2,,0.878,1.0,1.0,0.878,
bridge2algebra2006,akt,1,all,353631,0.8071,0.8431,0.839,0.854,0.9291,0.6913
bridge2algebra2006,akt,1,first_row,352376,0.8066,0.8431,0.839,0.8538,0.9291,0.6918
bridge2algebra2006,akt,1,repeat_row,1255,0.921,0.8358,0.8191,0.8908,0.9361,0.5233
bridge2algebra2006,akt,1,repeat_1,1238,0.9249,0.8362,0.8183,0.891,0.9367,0.5233
bridge2algebra2006,akt,1,repeat_2,15,0.5,0.7947,0.8667,0.8667,0.9047,0.6911
bridge2algebra2006,akt,1,repeat_3plus,2,,0.8661,1.0,1.0,0.8661,
bridge2algebra2006,akt,2,all,353631,0.8079,0.8429,0.839,0.8543,0.9303,0.6895
bridge2algebra2006,akt,2,first_row,352376,0.8074,0.8429,0.839,0.8542,0.9303,0.6899
bridge2algebra2006,akt,2,repeat_row,1255,0.92,0.8372,0.8191,0.8948,0.9421,0.4972
bridge2algebra2006,akt,2,repeat_1,1238,0.9238,0.8379,0.8183,0.8966,0.9427,0.4972
bridge2algebra2006,akt,2,repeat_2,15,0.5,0.7722,0.8667,0.7333,0.8997,0.6531
bridge2algebra2006,akt,2,repeat_3plus,2,,0.8551,1.0,1.0,0.8551,
bridge2algebra2006,akt,3,all,353631,0.8061,0.8377,0.839,0.8535,0.926,0.683
bridge2algebra2006,akt,3,first_row,352376,0.8057,0.8377,0.839,0.8533,0.926,0.6836
bridge2algebra2006,akt,3,repeat_row,1255,0.9203,0.8274,0.8191,0.8956,0.9317,0.4928
bridge2algebra2006,akt,3,repeat_1,1238,0.9244,0.8278,0.8183,0.8958,0.9318,0.4928
bridge2algebra2006,akt,3,repeat_2,15,0.5,0.7908,0.8667,0.8667,0.9041,0.6761
bridge2algebra2006,akt,3,repeat_3plus,2,,0.8651,1.0,1.0,0.8651,
bridge2algebra2006,akt,4,all,353631,0.8062,0.8355,0.839,0.853,0.9279,0.6748
bridge2algebra2006,akt,4,first_row,352376,0.8058,0.8355,0.839,0.8529,0.9279,0.6753
bridge2algebra2006,akt,4,repeat_row,1255,0.9139,0.8295,0.8191,0.8853,0.9271,0.5361
bridge2algebra2006,akt,4,repeat_1,1238,0.918,0.8298,0.8183,0.8853,0.9276,0.5361
bridge2algebra2006,akt,4,repeat_2,15,0.4615,0.7943,0.8667,0.8667,0.8919,0.6942
bridge2algebra2006,akt,4,repeat_3plus,2,,0.8628,1.0,1.0,0.8628,
bridge2algebra2006,simplekt,0,all,353631,0.8082,0.8332,0.839,0.8539,0.9201,0.6721
bridge2algebra2006,simplekt,0,first_row,352376,0.8079,0.8332,0.839,0.8539,0.9201,0.6723
bridge2algebra2006,simplekt,0,repeat_row,1255,0.8887,0.8143,0.8191,0.8693,0.9019,0.6191
bridge2algebra2006,simplekt,0,repeat_1,1238,0.8918,0.8161,0.8183,0.8691,0.9029,0.6191
bridge2algebra2006,simplekt,0,repeat_2,15,0.7692,0.6731,0.8667,0.8667,0.7371,0.521
bridge2algebra2006,simplekt,0,repeat_3plus,2,,0.7351,1.0,1.0,0.7351,
bridge2algebra2006,simplekt,1,all,353631,0.8062,0.8513,0.839,0.8565,0.94,0.6968
bridge2algebra2006,simplekt,1,first_row,352376,0.8058,0.8513,0.839,0.8564,0.94,0.6972
bridge2algebra2006,simplekt,1,repeat_row,1255,0.9184,0.8428,0.8191,0.8853,0.9418,0.569
bridge2algebra2006,simplekt,1,repeat_1,1238,0.9202,0.8438,0.8183,0.8853,0.9432,0.569
bridge2algebra2006,simplekt,1,repeat_2,15,0.7692,0.7643,0.8667,0.8667,0.8226,0.5913
bridge2algebra2006,simplekt,1,repeat_3plus,2,,0.83,1.0,1.0,0.83,
bridge2algebra2006,simplekt,2,all,353631,0.807,0.8292,0.839,0.8548,0.926,0.6472
bridge2algebra2006,simplekt,2,first_row,352376,0.8066,0.8292,0.839,0.8547,0.926,0.6477
bridge2algebra2006,simplekt,2,repeat_row,1255,0.9065,0.8292,0.8191,0.8948,0.9388,0.5224
bridge2algebra2006,simplekt,2,repeat_1,1238,0.909,0.8313,0.8183,0.895,0.9397,0.5224
bridge2algebra2006,simplekt,2,repeat_2,15,0.8077,0.6649,0.8667,0.8667,0.7197,0.4685
bridge2algebra2006,simplekt,2,repeat_3plus,2,,0.7441,1.0,1.0,0.7441,
bridge2algebra2006,simplekt,3,all,353631,0.8048,0.8687,0.839,0.8513,0.9395,0.7461
bridge2algebra2006,simplekt,3,first_row,352376,0.8045,0.8688,0.839,0.8512,0.9395,0.7463
bridge2algebra2006,simplekt,3,repeat_row,1255,0.889,0.8546,0.8191,0.8606,0.9283,0.671
bridge2algebra2006,simplekt,3,repeat_1,1238,0.892,0.8561,0.8183,0.8603,0.9291,0.671
bridge2algebra2006,simplekt,3,repeat_2,15,0.7308,0.7374,0.8667,0.8667,0.7901,0.6015
bridge2algebra2006,simplekt,3,repeat_3plus,2,,0.8069,1.0,1.0,0.8069,
bridge2algebra2006,simplekt,4,all,353631,0.8048,0.8117,0.839,0.8536,0.896,0.6467
bridge2algebra2006,simplekt,4,first_row,352376,0.8046,0.8117,0.839,0.8536,0.8961,0.6468
bridge2algebra2006,simplekt,4,repeat_row,1255,0.8809,0.7955,0.8191,0.8701,0.865,0.6318
bridge2algebra2006,simplekt,4,repeat_1,1238,0.8834,0.7966,0.8183,0.87,0.8655,0.6318
bridge2algebra2006,simplekt,4,repeat_2,15,0.6923,0.7085,0.8667,0.8667,0.7445,0.5879
bridge2algebra2006,simplekt,4,repeat_3plus,2,,0.7763,1.0,1.0,0.7763,
ednet,dkt,0,all,301372,0.9258,0.6845,0.6897,0.8548,0.9958,0.0374
ednet,dkt,0,first_row,132502,0.6346,0.6489,0.6608,0.6702,0.6892,0.62
ednet,dkt,0,repeat_row,168870,1.0,0.7125,0.7125,0.9997,0.999,0.0031
ednet,dkt,0,repeat_1,63015,1.0,0.7064,0.7066,0.9999,0.9981,0.005
ednet,dkt,0,repeat_2,58888,1.0,0.7076,0.7076,0.9992,0.9994,0.0023
ednet,dkt,0,repeat_3plus,46967,1.0,0.7269,0.7265,1.0,0.9991,0.0031
ednet,dkt,1,all,301372,0.9256,0.6902,0.6897,0.8555,0.9946,0.0475
ednet,dkt,1,first_row,132502,0.6336,0.6616,0.6608,0.6719,0.7016,0.635
ednet,dkt,1,repeat_row,168870,1.0,0.7126,0.7125,0.9996,0.9987,0.0041
ednet,dkt,1,repeat_1,63015,1.0,0.7064,0.7066,0.9999,0.9974,0.0067
ednet,dkt,1,repeat_2,58888,1.0,0.7077,0.7076,0.999,0.9992,0.0029
ednet,dkt,1,repeat_3plus,46967,1.0,0.727,0.7265,1.0,0.999,0.0037
ednet,dkt,2,all,301372,0.925,0.6845,0.6897,0.8547,0.9954,0.036
ednet,dkt,2,first_row,132502,0.6305,0.6493,0.6608,0.6699,0.686,0.6234
ednet,dkt,2,repeat_row,168870,1.0,0.7122,0.7125,0.9998,0.9989,0.0027
ednet,dkt,2,repeat_1,63015,1.0,0.706,0.7066,0.9999,0.9978,0.0047
ednet,dkt,2,repeat_2,58888,1.0,0.7073,0.7076,0.9994,0.9994,0.0018
ednet,dkt,2,repeat_3plus,46967,1.0,0.7267,0.7265,1.0,0.9991,0.0027
ednet,dkt,3,all,301372,0.9254,0.6894,0.6897,0.8552,0.9956,0.0383
ednet,dkt,3,first_row,132502,0.6325,0.6599,0.6608,0.6712,0.6998,0.6349
ednet,dkt,3,repeat_row,168870,1.0,0.7126,0.7125,0.9996,0.999,0.0031
ednet,dkt,3,repeat_1,63015,1.0,0.7065,0.7066,0.9999,0.998,0.0053
ednet,dkt,3,repeat_2,58888,1.0,0.7076,0.7076,0.9989,0.9994,0.0022
ednet,dkt,3,repeat_3plus,46967,1.0,0.7269,0.7265,1.0,0.9992,0.003
ednet,dkt,4,all,301372,0.9247,0.6857,0.6897,0.8546,0.9934,0.0535
ednet,dkt,4,first_row,132502,0.6294,0.6517,0.6608,0.6698,0.6886,0.6266
ednet,dkt,4,repeat_row,168870,1.0,0.7124,0.7125,0.9996,0.9986,0.0045
ednet,dkt,4,repeat_1,63015,1.0,0.7061,0.7066,0.9999,0.9968,0.0081
ednet,dkt,4,repeat_2,58888,1.0,0.7076,0.7076,0.9989,0.9991,0.0034
ednet,dkt,4,repeat_3plus,46967,1.0,0.727,0.7265,1.0,0.999,0.0038
ednet,sakt,0,all,301372,0.9179,0.705,0.6897,0.8496,0.9992,0.1789
ednet,sakt,0,first_row,132502,0.6276,0.6934,0.6608,0.6719,0.737,0.6726
ednet,sakt,0,repeat_row,168870,0.9993,0.7142,0.7125,0.9891,0.9998,0.0002
ednet,sakt,0,repeat_1,63015,0.9968,0.7101,0.7066,0.9755,0.9998,0.0002
ednet,sakt,0,repeat_2,58888,0.9998,0.7075,0.7076,0.9957,0.9998,0.0002
ednet,sakt,0,repeat_3plus,46967,1.0,0.728,0.7265,0.9989,0.9999,0.0002
ednet,sakt,1,all,301372,0.9182,0.6857,0.6897,0.8452,0.9994,0.051
ednet,sakt,1,first_row,132502,0.6192,0.652,0.6608,0.6573,0.705,0.6267
ednet,sakt,1,repeat_row,168870,0.9996,0.7122,0.7125,0.9927,0.9999,0.0001
ednet,sakt,1,repeat_1,63015,0.9981,0.7058,0.7066,0.9839,0.9998,0.0001
ednet,sakt,1,repeat_2,58888,0.9999,0.7069,0.7076,0.997,0.9999,0.0001
ednet,sakt,1,repeat_3plus,46967,1.0,0.7272,0.7265,0.9991,0.9999,0.0001
ednet,sakt,2,all,301372,0.9184,0.6981,0.6897,0.8499,0.9985,0.1614
ednet,sakt,2,first_row,132502,0.6269,0.6771,0.6608,0.6712,0.7182,0.6546
ednet,sakt,2,repeat_row,168870,0.9993,0.7146,0.7125,0.9901,0.9998,0.0003
ednet,sakt,2,repeat_1,63015,0.9971,0.7094,0.7066,0.9784,0.9997,0.0004
ednet,sakt,2,repeat_2,58888,0.9999,0.7091,0.7076,0.9957,0.9998,0.0002
ednet,sakt,2,repeat_3plus,46967,1.0,0.7283,0.7265,0.9987,0.9998,0.0004
ednet,sakt,3,all,301372,0.9176,0.6951,0.6897,0.849,0.9975,0.1729
ednet,sakt,3,first_row,132502,0.6277,0.6727,0.6608,0.6705,0.712,0.647
ednet,sakt,3,repeat_row,168870,0.9991,0.7128,0.7125,0.9891,0.9998,0.0003
ednet,sakt,3,repeat_1,63015,0.9964,0.7063,0.7066,0.977,0.9996,0.0003
ednet,sakt,3,repeat_2,58888,0.9998,0.708,0.7076,0.9945,0.9998,0.0002
ednet,sakt,3,repeat_3plus,46967,1.0,0.7274,0.7265,0.9987,0.9998,0.0003
ednet,sakt,4,all,301372,0.919,0.687,0.6897,0.8491,0.997,0.13
ednet,sakt,4,first_row,132502,0.6285,0.6568,0.6608,0.6684,0.7011,0.6351
ednet,sakt,4,repeat_row,168870,0.9994,0.7107,0.7125,0.9908,0.9998,0.0002
ednet,sakt,4,repeat_1,63015,0.9972,0.7025,0.7066,0.9791,0.9997,0.0003
ednet,sakt,4,repeat_2,58888,0.9999,0.7067,0.7076,0.9967,0.9998,0.0002
ednet,sakt,4,repeat_3plus,46967,1.0,0.7267,0.7265,0.9993,0.9998,0.0003
ednet,akt,0,all,301372,0.9215,0.6882,0.6897,0.8516,0.9986,0.1316
ednet,akt,0,first_row,132502,0.6355,0.6568,0.6608,0.6718,0.6898,0.6343
ednet,akt,0,repeat_row,168870,0.9997,0.7129,0.7125,0.9927,0.9999,0.0002
ednet,akt,0,repeat_1,63015,0.9984,0.708,0.7066,0.9819,0.9998,0.0002
ednet,akt,0,repeat_2,58888,1.0,0.7071,0.7076,0.9986,1.0,0.0
ednet,akt,0,repeat_3plus,46967,1.0,0.7268,0.7265,0.9999,0.9999,0.0003
ednet,akt,1,all,301372,0.9248,0.6884,0.6897,0.8544,0.9991,0.042
ednet,akt,1,first_row,132502,0.6414,0.6577,0.6608,0.6742,0.6918,0.6312
ednet,akt,1,repeat_row,168870,0.9999,0.7126,0.7125,0.9958,1.0,0.0001
ednet,akt,1,repeat_1,63015,0.9995,0.707,0.7066,0.99,0.9999,0.0001
ednet,akt,1,repeat_2,58888,1.0,0.7071,0.7076,0.9986,1.0,0.0
ednet,akt,1,repeat_3plus,46967,1.0,0.7268,0.7265,1.0,0.9999,0.0002
ednet,akt,2,all,301372,0.9215,0.6886,0.6897,0.8518,0.9983,0.1259
ednet,akt,2,first_row,132502,0.6352,0.6573,0.6608,0.6722,0.6873,0.6329
ednet,akt,2,repeat_row,168870,0.9997,0.7131,0.7125,0.9927,0.9999,0.0002
ednet,akt,2,repeat_1,63015,0.9985,0.7085,0.7066,0.9816,0.9998,0.0003
ednet,akt,2,repeat_2,58888,1.0,0.7071,0.7076,0.9987,1.0,0.0
ednet,akt,2,repeat_3plus,46967,1.0,0.7268,0.7265,1.0,0.9999,0.0003
ednet,akt,3,all,301372,0.925,0.6881,0.6897,0.8544,0.999,0.0376
ednet,akt,3,first_row,132502,0.6415,0.6575,0.6608,0.674,0.6921,0.6317
ednet,akt,3,repeat_row,168870,0.9999,0.7121,0.7125,0.9959,1.0,0.0
ednet,akt,3,repeat_1,63015,0.9996,0.7061,0.7066,0.9903,0.9999,0.0001
ednet,akt,3,repeat_2,58888,1.0,0.7071,0.7076,0.9986,1.0,0.0
ednet,akt,3,repeat_3plus,46967,1.0,0.7266,0.7265,1.0,0.9999,0.0001
ednet,akt,4,all,301372,0.926,0.685,0.6897,0.8553,0.9992,0.0225
ednet,akt,4,first_row,132502,0.6423,0.6506,0.6608,0.6741,0.686,0.6247
ednet,akt,4,repeat_row,168870,1.0,0.7119,0.7125,0.9974,1.0,0.0
ednet,akt,4,repeat_1,63015,0.9999,0.7056,0.7066,0.9943,1.0,0.0
ednet,akt,4,repeat_2,58888,1.0,0.707,0.7076,0.9987,1.0,0.0
ednet,akt,4,repeat_3plus,46967,1.0,0.7265,0.7265,1.0,0.9999,0.0001
ednet,simplekt,0,all,301372,0.9406,0.7004,0.6897,0.8676,1.0,0.0028
ednet,simplekt,0,first_row,132502,0.7087,0.6845,0.6608,0.6998,0.7729,0.5803
ednet,simplekt,0,repeat_row,168870,1.0,0.7129,0.7125,0.9993,1.0,0.0
ednet,simplekt,0,repeat_1,63015,1.0,0.7071,0.7066,0.9994,1.0,0.0
ednet,simplekt,0,repeat_2,58888,1.0,0.708,0.7076,0.9986,1.0,0.0
ednet,simplekt,0,repeat_3plus,46967,1.0,0.7267,0.7265,1.0,1.0,0.0
ednet,simplekt,1,all,301372,0.9412,0.6944,0.6897,0.8678,0.9999,0.0062
ednet,simplekt,1,first_row,132502,0.712,0.6708,0.6608,0.7004,0.7497,0.5732
ednet,simplekt,1,repeat_row,168870,1.0,0.713,0.7125,0.9992,1.0,0.0
ednet,simplekt,1,repeat_1,63015,1.0,0.7076,0.7066,0.9991,1.0,0.0
ednet,simplekt,1,repeat_2,58888,1.0,0.7079,0.7076,0.9985,1.0,0.0
ednet,simplekt,1,repeat_3plus,46967,1.0,0.7267,0.7265,1.0,1.0,0.0
ednet,simplekt,2,all,301372,0.9407,0.7043,0.6897,0.8675,1.0,0.0031
ednet,simplekt,2,first_row,132502,0.7088,0.6934,0.6608,0.6994,0.777,0.5907
ednet,simplekt,2,repeat_row,168870,1.0,0.7129,0.7125,0.9993,1.0,0.0
ednet,simplekt,2,repeat_1,63015,1.0,0.7072,0.7066,0.9995,1.0,0.0
ednet,simplekt,2,repeat_2,58888,1.0,0.7081,0.7076,0.9986,1.0,0.0
ednet,simplekt,2,repeat_3plus,46967,1.0,0.7267,0.7265,0.9999,1.0,0.0
ednet,simplekt,3,all,301372,0.9406,0.7006,0.6897,0.8674,1.0,0.0033
ednet,simplekt,3,first_row,132502,0.7083,0.685,0.6608,0.6993,0.766,0.5846
ednet,simplekt,3,repeat_row,168870,1.0,0.7129,0.7125,0.9993,1.0,0.0
ednet,simplekt,3,repeat_1,63015,1.0,0.7072,0.7066,0.9995,1.0,0.0001
ednet,simplekt,3,repeat_2,58888,1.0,0.708,0.7076,0.9985,1.0,0.0
ednet,simplekt,3,repeat_3plus,46967,1.0,0.7267,0.7265,0.9999,1.0,0.0
ednet,simplekt,4,all,301372,0.9406,0.6725,0.6897,0.8628,0.9996,0.0008
ednet,simplekt,4,first_row,132502,0.7088,0.6218,0.6608,0.6888,0.6978,0.511
ednet,simplekt,4,repeat_row,168870,1.0,0.7122,0.7125,0.9992,1.0,0.0
ednet,simplekt,4,repeat_1,63015,1.0,0.7059,0.7066,0.9994,1.0,0.0
ednet,simplekt,4,repeat_2,58888,1.0,0.7075,0.7076,0.9985,1.0,0.0
ednet,simplekt,4,repeat_3plus,46967,1.0,0.7265,0.7265,0.9999,1.0,0.0
