dataset,pos_lo,pos_hi,n_cells,gap_q1,gap_q2,gap_q3,gap_q4,cells_q4_gt_q1
algebra2005,0,-1,20,0.004522,0.006674,0.010164,0.013266,20
algebra2005,5,20,20,0.003919,0.00972,0.007107,0.013673,20
algebra2005,20,60,20,0.002468,0.009441,0.009678,0.016192,20
algebra2005,60,120,20,0.004814,0.006008,0.00953,0.012355,20
assist2009,60,120,20,0.00052,0.003595,0.001899,0.006457,19
ednet,0,-1,20,0.017618,0.030181,0.032736,0.03883,20
ednet,5,20,20,0.008718,0.023723,0.05347,0.035795,20
ednet,20,60,20,0.017763,0.030974,0.029749,0.035513,20
ednet,60,120,20,0.004506,0.022123,0.029573,0.025387,20
