dataset,model,fold,source,auc,auc_full,n
algebra2005,akt,0,pykt_question,0.8079,0.8078821273,92945
algebra2005,akt,0,late_mean,0.8937,0.8936935230,93279
algebra2005,akt,0,concept_raw,0.9158,0.9158220471,134674
algebra2005,akt,1,pykt_question,0.8079,0.8079369926,92945
algebra2005,akt,1,late_mean,0.8933,0.8932933587,93279
algebra2005,akt,1,concept_raw,0.9162,0.9161926266,134674
algebra2005,akt,2,pykt_question,0.8062,0.8062228304,92945
algebra2005,akt,2,late_mean,0.8929,0.8929351432,93279
algebra2005,akt,2,concept_raw,0.9153,0.9152939488,134674
algebra2005,akt,3,pykt_question,0.811,0.8110029377,92945
algebra2005,akt,3,late_mean,0.8935,0.8935029383,93279
algebra2005,akt,3,concept_raw,0.917,0.9169659702,134674
algebra2005,akt,4,pykt_question,0.8134,0.8133985898,92945
algebra2005,akt,4,late_mean,0.8957,0.8956555610,93279
algebra2005,akt,4,concept_raw,0.918,0.9180183922,134674
algebra2005,dkt,0,pykt_question,0.8098,0.8097696246,92945
algebra2005,dkt,0,late_mean,0.8919,0.8919176924,93279
algebra2005,dkt,0,concept_raw,0.9197,0.9196685271,134674
algebra2005,dkt,1,pykt_question,0.808,0.8080357390,92945
algebra2005,dkt,1,late_mean,0.892,0.8919626806,93279
algebra2005,dkt,1,concept_raw,0.9191,0.9190939691,134674
algebra2005,dkt,2,pykt_question,0.8087,0.8086644417,92945
algebra2005,dkt,2,late_mean,0.893,0.8929548837,93279
algebra2005,dkt,2,concept_raw,0.9192,0.9192089937,134674
algebra2005,dkt,3,pykt_question,0.8091,0.8091499202,92945
algebra2005,dkt,3,late_mean,0.8928,0.8928411416,93279
algebra2005,dkt,3,concept_raw,0.9196,0.9195900567,134674
algebra2005,dkt,4,pykt_question,0.8114,0.8114028528,92945
algebra2005,dkt,4,late_mean,0.8932,0.8931960070,93279
algebra2005,dkt,4,concept_raw,0.9205,0.9204850491,134674
algebra2005,sakt,0,pykt_question,0.7841,0.7840793202,92945
algebra2005,sakt,0,late_mean,0.8708,0.8708284815,93279
algebra2005,sakt,0,concept_raw,0.9052,0.9051531816,134674
algebra2005,sakt,1,pykt_question,0.7836,0.7836372572,92945
algebra2005,sakt,1,late_mean,0.8714,0.8713657837,93279
algebra2005,sakt,1,concept_raw,0.9058,0.9058272706,134674
algebra2005,sakt,2,pykt_question,0.7847,0.7847419805,92945
algebra2005,sakt,2,late_mean,0.8718,0.8718341884,93279
algebra2005,sakt,2,concept_raw,0.906,0.9060010138,134674
algebra2005,sakt,3,pykt_question,0.786,0.7860259428,92945
algebra2005,sakt,3,late_mean,0.871,0.8709555621,93279
algebra2005,sakt,3,concept_raw,0.906,0.9060254807,134674
algebra2005,sakt,4,pykt_question,0.7852,0.7852366002,92945
algebra2005,sakt,4,late_mean,0.8721,0.8721262692,93279
algebra2005,sakt,4,concept_raw,0.9072,0.9072010842,134674
algebra2005,simplekt,0,pykt_question,0.8134,0.8133940954,92945
algebra2005,simplekt,0,late_mean,0.8974,0.8973737446,93279
algebra2005,simplekt,0,concept_raw,0.9217,0.9216699290,134674
algebra2005,simplekt,1,pykt_question,0.8141,0.8140781603,92945
algebra2005,simplekt,1,late_mean,0.8953,0.8952840435,93279
algebra2005,simplekt,1,concept_raw,0.9199,0.9199216394,134674
algebra2005,simplekt,2,pykt_question,0.8152,0.8152466189,92945
algebra2005,simplekt,2,late_mean,0.8965,0.8964812260,93279
algebra2005,simplekt,2,concept_raw,0.9227,0.9226591527,134674
algebra2005,simplekt,3,pykt_question,0.8167,0.8166938539,92945
algebra2005,simplekt,3,late_mean,0.8954,0.8954070914,93279
algebra2005,simplekt,3,concept_raw,0.9233,0.9233369511,134674
algebra2005,simplekt,4,pykt_question,0.8128,0.8128162479,92945
algebra2005,simplekt,4,late_mean,0.8973,0.8972694234,93279
algebra2005,simplekt,4,concept_raw,0.9206,0.9206125393,134674
assist2009,akt,0,pykt_question,0.7615,0.7615317358,52254
assist2009,akt,0,late_mean,0.824,0.8239503998,52439
assist2009,akt,0,concept_raw,0.8315,0.8314872644,61904
assist2009,akt,1,pykt_question,0.7586,0.7586001774,52254
assist2009,akt,1,late_mean,0.822,0.8220232566,52439
assist2009,akt,1,concept_raw,0.8293,0.8292691007,61904
assist2009,akt,2,pykt_question,0.7606,0.7605576484,52254
assist2009,akt,2,late_mean,0.8238,0.8237510767,52439
assist2009,akt,2,concept_raw,0.8312,0.8312255461,61904
assist2009,akt,3,pykt_question,0.7583,0.7583367624,52254
assist2009,akt,3,late_mean,0.8221,0.8220769205,52439
assist2009,akt,3,concept_raw,0.8294,0.8293843710,61904
assist2009,akt,4,pykt_question,0.7591,0.7590837336,52254
assist2009,akt,4,late_mean,0.8226,0.8225929166,52439
assist2009,akt,4,concept_raw,0.8299,0.8298668541,61904
assist2009,dkt,0,pykt_question,0.7499,0.7499495412,52254
assist2009,dkt,0,late_mean,0.8149,0.8148998091,52439
assist2009,dkt,0,concept_raw,0.8238,0.8237927499,61904
assist2009,dkt,1,pykt_question,0.748,0.7480074397,52254
assist2009,dkt,1,late_mean,0.8143,0.8142900431,52439
assist2009,dkt,1,concept_raw,0.8225,0.8225361905,61904
assist2009,dkt,2,pykt_question,0.7514,0.7513523232,52254
assist2009,dkt,2,late_mean,0.8152,0.8151807922,52439
assist2009,dkt,2,concept_raw,0.8246,0.8246160788,61904
assist2009,dkt,3,pykt_question,0.7517,0.7517081158,52254
assist2009,dkt,3,late_mean,0.8153,0.8153272353,52439
assist2009,dkt,3,concept_raw,0.8247,0.8246942110,61904
assist2009,dkt,4,pykt_question,0.7525,0.7524662577,52254
assist2009,dkt,4,late_mean,0.8155,0.8154861472,52439
assist2009,dkt,4,concept_raw,0.825,0.8249524507,61904
assist2009,sakt,0,pykt_question,0.7286,0.7286227846,52254
assist2009,sakt,0,late_mean,0.7495,0.7494756664,52439
assist2009,sakt,0,concept_raw,0.7541,0.7541104785,61904
assist2009,sakt,1,pykt_question,0.7315,0.7315115522,52254
assist2009,sakt,1,late_mean,0.751,0.7510331588,52439
assist2009,sakt,1,concept_raw,0.7546,0.7546422918,61904
assist2009,sakt,2,pykt_question,0.7297,0.7297053944,52254
assist2009,sakt,2,late_mean,0.7514,0.7514215123,52439
assist2009,sakt,2,concept_raw,0.7552,0.7551955070,61904
assist2009,sakt,3,pykt_question,0.7291,0.7291433563,52254
assist2009,sakt,3,late_mean,0.7503,0.7502766901,52439
assist2009,sakt,3,concept_raw,0.7537,0.7537488934,61904
assist2009,sakt,4,pykt_question,0.7286,0.7285756066,52254
assist2009,sakt,4,late_mean,0.7483,0.7483435670,52439
assist2009,sakt,4,concept_raw,0.7529,0.7528616802,61904
assist2009,simplekt,0,pykt_question,0.7636,0.7635746643,52254
assist2009,simplekt,0,late_mean,0.8106,0.8106201440,52439
assist2009,simplekt,0,concept_raw,0.8278,0.8278166353,61904
assist2009,simplekt,1,pykt_question,0.7607,0.7606758678,52254
assist2009,simplekt,1,late_mean,0.8031,0.8030741642,52439
assist2009,simplekt,1,concept_raw,0.8269,0.8268721768,61904
assist2009,simplekt,2,pykt_question,0.7591,0.7591040528,52254
assist2009,simplekt,2,late_mean,0.8204,0.8204454991,52439
assist2009,simplekt,2,concept_raw,0.829,0.8290409939,61904
assist2009,simplekt,3,pykt_question,0.7674,0.7674237109,52254
assist2009,simplekt,3,late_mean,0.8185,0.8184640981,52439
assist2009,simplekt,3,concept_raw,0.8321,0.8320636629,61904
assist2009,simplekt,4,pykt_question,0.7661,0.7661351329,52254
assist2009,simplekt,4,late_mean,0.8134,0.8133696030,52439
assist2009,simplekt,4,concept_raw,0.8319,0.8319096524,61904
assist2012,akt,0,pykt_question,0.7729,0.7729085308,536087
assist2012,akt,0,late_mean,0.7729,0.7729085339,536087
assist2012,akt,0,concept_raw,0.7729,0.7729085339,536087
assist2012,akt,1,pykt_question,0.7728,0.7727722885,536087
assist2012,akt,1,late_mean,0.7728,0.7727723831,536087
assist2012,akt,1,concept_raw,0.7728,0.7727723831,536087
assist2012,akt,2,pykt_question,0.7717,0.7717345452,536087
assist2012,akt,2,late_mean,0.7717,0.7717344022,536087
assist2012,akt,2,concept_raw,0.7717,0.7717344022,536087
assist2012,akt,3,pykt_question,0.7715,0.7715087230,536087
assist2012,akt,3,late_mean,0.7715,0.7715088903,536087
assist2012,akt,3,concept_raw,0.7715,0.7715088903,536087
assist2012,akt,4,pykt_question,0.7725,0.7724924247,536087
assist2012,akt,4,late_mean,0.7725,0.7724924363,536087
assist2012,akt,4,concept_raw,0.7725,0.7724924363,536087
assist2012,dkt,0,pykt_question,0.7293,0.7292508552,536087
assist2012,dkt,0,late_mean,0.7293,0.7292507797,536087
assist2012,dkt,0,concept_raw,0.7293,0.7292507797,536087
assist2012,dkt,1,pykt_question,0.7293,0.7293053047,536087
assist2012,dkt,1,late_mean,0.7293,0.7293054060,536087
assist2012,dkt,1,concept_raw,0.7293,0.7293054060,536087
assist2012,dkt,2,pykt_question,0.7289,0.7289270222,536087
assist2012,dkt,2,late_mean,0.7289,0.7289268868,536087
assist2012,dkt,2,concept_raw,0.7289,0.7289268868,536087
assist2012,dkt,3,pykt_question,0.7301,0.7301083797,536087
assist2012,dkt,3,late_mean,0.7301,0.7301084326,536087
assist2012,dkt,3,concept_raw,0.7301,0.7301084326,536087
assist2012,dkt,4,pykt_question,0.7303,0.7302730727,536087
assist2012,dkt,4,late_mean,0.7303,0.7302732243,536087
assist2012,dkt,4,concept_raw,0.7303,0.7302732243,536087
assist2012,sakt,0,pykt_question,0.7073,0.7073374782,536087
assist2012,sakt,0,late_mean,0.7073,0.7073372893,536087
assist2012,sakt,0,concept_raw,0.7073,0.7073372893,536087
assist2012,sakt,1,pykt_question,0.7069,0.7068585782,536087
assist2012,sakt,1,late_mean,0.7069,0.7068584803,536087
assist2012,sakt,1,concept_raw,0.7069,0.7068584803,536087
assist2012,sakt,2,pykt_question,0.7067,0.7066779232,536087
assist2012,sakt,2,late_mean,0.7067,0.7066781261,536087
assist2012,sakt,2,concept_raw,0.7067,0.7066781261,536087
assist2012,sakt,3,pykt_question,0.7065,0.7064940497,536087
assist2012,sakt,3,late_mean,0.7065,0.7064940606,536087
assist2012,sakt,3,concept_raw,0.7065,0.7064940606,536087
assist2012,sakt,4,pykt_question,0.7079,0.7078597504,536087
assist2012,sakt,4,late_mean,0.7079,0.7078600415,536087
assist2012,sakt,4,concept_raw,0.7079,0.7078600415,536087
assist2012,simplekt,0,pykt_question,0.7692,0.7691879900,536087
assist2012,simplekt,0,late_mean,0.7692,0.7691880159,536087
assist2012,simplekt,0,concept_raw,0.7692,0.7691880159,536087
assist2012,simplekt,1,pykt_question,0.7703,0.7702729384,536087
assist2012,simplekt,1,late_mean,0.7703,0.7702729523,536087
assist2012,simplekt,1,concept_raw,0.7703,0.7702729523,536087
assist2012,simplekt,2,pykt_question,0.771,0.7709999004,536087
assist2012,simplekt,2,late_mean,0.771,0.7709999249,536087
assist2012,simplekt,2,concept_raw,0.771,0.7709999249,536087
assist2012,simplekt,3,pykt_question,0.7702,0.7702069134,536087
assist2012,simplekt,3,late_mean,0.7702,0.7702070093,536087
assist2012,simplekt,3,concept_raw,0.7702,0.7702070093,536087
assist2012,simplekt,4,pykt_question,0.7707,0.7706972330,536087
assist2012,simplekt,4,late_mean,0.7707,0.7706973373,536087
assist2012,simplekt,4,concept_raw,0.7707,0.7706973373,536087
assist2015,akt,0,pykt_question,0.7234,0.7234014960,134592
assist2015,akt,0,late_mean,0.7234,0.7234014960,134592
assist2015,akt,0,concept_raw,0.7234,0.7234014960,134592
assist2015,akt,1,pykt_question,0.7226,0.7226243506,134592
assist2015,akt,1,late_mean,0.7226,0.7226243506,134592
assist2015,akt,1,concept_raw,0.7226,0.7226243506,134592
assist2015,akt,2,pykt_question,0.7233,0.7232843494,134592
assist2015,akt,2,late_mean,0.7233,0.7232843494,134592
assist2015,akt,2,concept_raw,0.7233,0.7232843494,134592
assist2015,akt,3,pykt_question,0.7223,0.7223318412,134592
assist2015,akt,3,late_mean,0.7223,0.7223318412,134592
assist2015,akt,3,concept_raw,0.7223,0.7223318412,134592
assist2015,akt,4,pykt_question,0.7232,0.7231790174,134592
assist2015,akt,4,late_mean,0.7232,0.7231790174,134592
assist2015,akt,4,concept_raw,0.7232,0.7231790174,134592
assist2015,dkt,0,pykt_question,0.727,0.7269637354,134592
assist2015,dkt,0,late_mean,0.727,0.7269637354,134592
assist2015,dkt,0,concept_raw,0.727,0.7269637354,134592
assist2015,dkt,1,pykt_question,0.7263,0.7262923978,134592
assist2015,dkt,1,late_mean,0.7263,0.7262923978,134592
assist2015,dkt,1,concept_raw,0.7263,0.7262923978,134592
assist2015,dkt,2,pykt_question,0.7271,0.7270984920,134592
assist2015,dkt,2,late_mean,0.7271,0.7270984920,134592
assist2015,dkt,2,concept_raw,0.7271,0.7270984920,134592
assist2015,dkt,3,pykt_question,0.7266,0.7266269318,134592
assist2015,dkt,3,late_mean,0.7266,0.7266269318,134592
assist2015,dkt,3,concept_raw,0.7266,0.7266269318,134592
assist2015,dkt,4,pykt_question,0.7271,0.7270830043,134592
assist2015,dkt,4,late_mean,0.7271,0.7270830043,134592
assist2015,dkt,4,concept_raw,0.7271,0.7270830043,134592
assist2015,sakt,0,pykt_question,0.7043,0.7043429048,134592
assist2015,sakt,0,late_mean,0.7043,0.7043429048,134592
assist2015,sakt,0,concept_raw,0.7043,0.7043429048,134592
assist2015,sakt,1,pykt_question,0.7051,0.7051278610,134592
assist2015,sakt,1,late_mean,0.7051,0.7051278610,134592
assist2015,sakt,1,concept_raw,0.7051,0.7051278610,134592
assist2015,sakt,2,pykt_question,0.7049,0.7049351993,134592
assist2015,sakt,2,late_mean,0.7049,0.7049351993,134592
assist2015,sakt,2,concept_raw,0.7049,0.7049351993,134592
assist2015,sakt,3,pykt_question,0.705,0.7049716729,134592
assist2015,sakt,3,late_mean,0.705,0.7049716729,134592
assist2015,sakt,3,concept_raw,0.705,0.7049716729,134592
assist2015,sakt,4,pykt_question,0.7046,0.7046093123,134592
assist2015,sakt,4,late_mean,0.7046,0.7046093123,134592
assist2015,sakt,4,concept_raw,0.7046,0.7046093123,134592
assist2015,simplekt,0,pykt_question,0.7178,0.7178206479,134592
assist2015,simplekt,0,late_mean,0.7178,0.7178206479,134592
assist2015,simplekt,0,concept_raw,0.7178,0.7178206479,134592
assist2015,simplekt,1,pykt_question,0.7192,0.7191666569,134592
assist2015,simplekt,1,late_mean,0.7192,0.7191666569,134592
assist2015,simplekt,1,concept_raw,0.7192,0.7191666569,134592
assist2015,simplekt,2,pykt_question,0.7178,0.7177778606,134592
assist2015,simplekt,2,late_mean,0.7178,0.7177778606,134592
assist2015,simplekt,2,concept_raw,0.7178,0.7177778606,134592
assist2015,simplekt,3,pykt_question,0.7178,0.7177779198,134592
assist2015,simplekt,3,late_mean,0.7178,0.7177779198,134592
assist2015,simplekt,3,concept_raw,0.7178,0.7177779198,134592
assist2015,simplekt,4,pykt_question,0.7157,0.7157326720,134592
assist2015,simplekt,4,late_mean,0.7157,0.7157326720,134592
assist2015,simplekt,4,concept_raw,0.7157,0.7157326720,134592
assist2017,akt,0,pykt_question,0.7583,0.7582634009,177767
assist2017,akt,0,concept_raw,0.7583,0.7582632875,177767
assist2017,akt,1,pykt_question,0.7582,0.7581711632,177767
assist2017,akt,1,concept_raw,0.7582,0.7581710674,177767
assist2017,akt,2,pykt_question,0.7576,0.7576252450,177767
assist2017,akt,2,concept_raw,0.7576,0.7576253155,177767
assist2017,akt,3,pykt_question,0.7586,0.7586108621,177767
assist2017,akt,3,concept_raw,0.7586,0.7586107444,177767
assist2017,akt,4,pykt_question,0.7595,0.7595075380,177767
assist2017,akt,4,concept_raw,0.7595,0.7595075073,177767
assist2017,dkt,0,pykt_question,0.7168,0.7168363928,177767
assist2017,dkt,0,late_mean,0.7168,0.7168361117,177767
assist2017,dkt,0,concept_raw,0.7168,0.7168361117,177767
assist2017,dkt,1,pykt_question,0.7163,0.7163176244,177767
assist2017,dkt,1,late_mean,0.7163,0.7163176298,177767
assist2017,dkt,1,concept_raw,0.7163,0.7163176298,177767
assist2017,dkt,2,pykt_question,0.7131,0.7131190836,177767
assist2017,dkt,2,late_mean,0.7131,0.7131191835,177767
assist2017,dkt,2,concept_raw,0.7131,0.7131191835,177767
assist2017,dkt,3,pykt_question,0.7166,0.7165852623,177767
assist2017,dkt,3,late_mean,0.7166,0.7165857311,177767
assist2017,dkt,3,concept_raw,0.7166,0.7165857311,177767
assist2017,dkt,4,pykt_question,0.7133,0.7132885994,177767
assist2017,dkt,4,late_mean,0.7133,0.7132885700,177767
assist2017,dkt,4,concept_raw,0.7133,0.7132885700,177767
assist2017,sakt,0,pykt_question,0.6537,0.6536851244,177767
assist2017,sakt,0,late_mean,0.6537,0.6536848606,177767
assist2017,sakt,0,concept_raw,0.6537,0.6536848606,177767
assist2017,sakt,1,pykt_question,0.6533,0.6532769004,177767
assist2017,sakt,1,late_mean,0.6533,0.6532766528,177767
assist2017,sakt,1,concept_raw,0.6533,0.6532766528,177767
assist2017,sakt,2,pykt_question,0.6539,0.6539321804,177767
assist2017,sakt,2,late_mean,0.6539,0.6539322317,177767
assist2017,sakt,2,concept_raw,0.6539,0.6539322317,177767
assist2017,sakt,3,pykt_question,0.6524,0.6523673448,177767
assist2017,sakt,3,late_mean,0.6524,0.6523671390,177767
assist2017,sakt,3,concept_raw,0.6524,0.6523671390,177767
assist2017,sakt,4,pykt_question,0.6516,0.6515520678,177767
assist2017,sakt,4,late_mean,0.6516,0.6515514375,177767
assist2017,sakt,4,concept_raw,0.6516,0.6515514375,177767
assist2017,simplekt,0,pykt_question,0.755,0.7549749276,177767
assist2017,simplekt,0,late_mean,0.755,0.7549752104,177767
assist2017,simplekt,0,concept_raw,0.755,0.7549752104,177767
assist2017,simplekt,1,pykt_question,0.7565,0.7565163928,177767
assist2017,simplekt,1,late_mean,0.7565,0.7565165159,177767
assist2017,simplekt,1,concept_raw,0.7565,0.7565165159,177767
assist2017,simplekt,2,pykt_question,0.7547,0.7546677642,177767
assist2017,simplekt,2,late_mean,0.7547,0.7546678529,177767
assist2017,simplekt,2,concept_raw,0.7547,0.7546678529,177767
assist2017,simplekt,3,pykt_question,0.751,0.7510138851,177767
assist2017,simplekt,3,late_mean,0.751,0.7510140339,177767
assist2017,simplekt,3,concept_raw,0.751,0.7510140339,177767
assist2017,simplekt,4,pykt_question,0.7576,0.7575878886,177767
assist2017,simplekt,4,late_mean,0.7576,0.7575879611,177767
assist2017,simplekt,4,concept_raw,0.7576,0.7575879611,177767
bridge2algebra2006,akt,0,pykt_question,0.8066,0.8065578809,352370
bridge2algebra2006,akt,0,late_mean,0.8069,0.8069377210,352378
bridge2algebra2006,akt,0,concept_raw,0.807,0.8069806472,353631
bridge2algebra2006,akt,1,pykt_question,0.8067,0.8067175443,352370
bridge2algebra2006,akt,1,late_mean,0.8071,0.8070900570,352378
bridge2algebra2006,akt,1,concept_raw,0.8071,0.8071079140,353631
bridge2algebra2006,akt,2,pykt_question,0.8074,0.8074458356,352370
bridge2algebra2006,akt,2,late_mean,0.8078,0.8078370835,352378
bridge2algebra2006,akt,2,concept_raw,0.8079,0.8078533268,353631
bridge2algebra2006,akt,3,pykt_question,0.8057,0.8057453381,352370
bridge2algebra2006,akt,3,late_mean,0.8061,0.8061010178,352378
bridge2algebra2006,akt,3,concept_raw,0.8061,0.8061422420,353631
bridge2algebra2006,akt,4,pykt_question,0.8059,0.8058608611,352370
bridge2algebra2006,akt,4,late_mean,0.8062,0.8062179735,352378
bridge2algebra2006,akt,4,concept_raw,0.8062,0.8062280302,353631
bridge2algebra2006,dkt,0,pykt_question,0.7963,0.7962959816,352370
bridge2algebra2006,dkt,0,late_mean,0.7973,0.7973130950,352378
bridge2algebra2006,dkt,0,concept_raw,0.7977,0.7976642082,353631
bridge2algebra2006,dkt,1,pykt_question,0.7957,0.7956733986,352370
bridge2algebra2006,dkt,1,late_mean,0.7967,0.7966733381,352378
bridge2algebra2006,dkt,1,concept_raw,0.797,0.7969945008,353631
bridge2algebra2006,dkt,2,pykt_question,0.7953,0.7952514103,352370
bridge2algebra2006,dkt,2,late_mean,0.7962,0.7962332683,352378
bridge2algebra2006,dkt,2,concept_raw,0.7966,0.7965770956,353631
bridge2algebra2006,dkt,3,pykt_question,0.7943,0.7943224016,352370
bridge2algebra2006,dkt,3,late_mean,0.7953,0.7953297266,352378
bridge2algebra2006,dkt,3,concept_raw,0.7957,0.7956806069,353631
bridge2algebra2006,dkt,4,pykt_question,0.7958,0.7958011545,352370
bridge2algebra2006,dkt,4,late_mean,0.7968,0.7967902372,352378
bridge2algebra2006,dkt,4,concept_raw,0.7971,0.7971336415,353631
bridge2algebra2006,sakt,0,pykt_question,0.7616,0.7616305960,352370
bridge2algebra2006,sakt,0,late_mean,0.7617,0.7617383904,352378
bridge2algebra2006,sakt,0,concept_raw,0.7616,0.7616130147,353631
bridge2algebra2006,sakt,1,pykt_question,0.7619,0.7618844270,352370
bridge2algebra2006,sakt,1,late_mean,0.762,0.7619748121,352378
bridge2algebra2006,sakt,1,concept_raw,0.7619,0.7618734808,353631
bridge2algebra2006,sakt,2,pykt_question,0.7609,0.7609430372,352370
bridge2algebra2006,sakt,2,late_mean,0.761,0.7610363885,352378
bridge2algebra2006,sakt,2,concept_raw,0.7609,0.7609110071,353631
bridge2algebra2006,sakt,3,pykt_question,0.761,0.7609972375,352370
bridge2algebra2006,sakt,3,late_mean,0.7611,0.7610816695,352378
bridge2algebra2006,sakt,3,concept_raw,0.761,0.7609934577,353631
bridge2algebra2006,sakt,4,pykt_question,0.7602,0.7601807104,352370
bridge2algebra2006,sakt,4,late_mean,0.7603,0.7602731424,352378
bridge2algebra2006,sakt,4,concept_raw,0.7602,0.7601913175,353631
bridge2algebra2006,simplekt,0,pykt_question,0.808,0.8079724082,352370
bridge2algebra2006,simplekt,0,late_mean,0.8081,0.8081262955,352378
bridge2algebra2006,simplekt,0,concept_raw,0.8082,0.8081535775,353631
bridge2algebra2006,simplekt,1,pykt_question,0.8059,0.8058795750,352370
bridge2algebra2006,simplekt,1,late_mean,0.8061,0.8060981479,352378
bridge2algebra2006,simplekt,1,concept_raw,0.8062,0.8062476038,353631
bridge2algebra2006,simplekt,2,pykt_question,0.8067,0.8066888044,352370
bridge2algebra2006,simplekt,2,late_mean,0.8069,0.8069104065,352378
bridge2algebra2006,simplekt,2,concept_raw,0.807,0.8070251039,353631
bridge2algebra2006,simplekt,3,pykt_question,0.8046,0.8046034527,352370
bridge2algebra2006,simplekt,3,late_mean,0.8048,0.8047580333,352378
bridge2algebra2006,simplekt,3,concept_raw,0.8048,0.8048248894,353631
bridge2algebra2006,simplekt,4,pykt_question,0.8046,0.8046434941,352370
bridge2algebra2006,simplekt,4,late_mean,0.8048,0.8048103816,352378
bridge2algebra2006,simplekt,4,concept_raw,0.8048,0.8047938353,353631
ednet,akt,0,pykt_question,0.6071,0.6070612920,132209
ednet,akt,0,late_mean,0.883,0.8829563170,133516
ednet,akt,0,concept_raw,0.9215,0.9215205925,301372
ednet,akt,1,pykt_question,0.612,0.6119938066,132209
ednet,akt,1,late_mean,0.8861,0.8860739140,133516
ednet,akt,1,concept_raw,0.9248,0.9248042501,301372
ednet,akt,2,pykt_question,0.607,0.6070497956,132209
ednet,akt,2,late_mean,0.8831,0.8830737684,133516
ednet,akt,2,concept_raw,0.9215,0.9215238320,301372
ednet,akt,3,pykt_question,0.6108,0.6108305597,132209
ednet,akt,3,late_mean,0.8862,0.8862087769,133516
ednet,akt,3,concept_raw,0.925,0.9250294644,301372
ednet,akt,4,pykt_question,0.6116,0.6115983507,132209
ednet,akt,4,late_mean,0.8871,0.8871110164,133516
ednet,akt,4,concept_raw,0.926,0.9259518540,301372
ednet,dkt,0,pykt_question,0.6064,0.6064314236,132209
ednet,dkt,0,late_mean,0.886,0.8859582120,133516
ednet,dkt,0,concept_raw,0.9258,0.9258466173,301372
ednet,dkt,1,pykt_question,0.6068,0.6068414920,132209
ednet,dkt,1,late_mean,0.886,0.8859925836,133516
ednet,dkt,1,concept_raw,0.9256,0.9256105942,301372
ednet,dkt,2,pykt_question,0.6066,0.6065867286,132209
ednet,dkt,2,late_mean,0.8848,0.8847821073,133516
ednet,dkt,2,concept_raw,0.925,0.9250271509,301372
ednet,dkt,3,pykt_question,0.6063,0.6063349733,132209
ednet,dkt,3,late_mean,0.8852,0.8852453214,133516
ednet,dkt,3,concept_raw,0.9254,0.9253957751,301372
ednet,dkt,4,pykt_question,0.6042,0.6042368874,132209
ednet,dkt,4,late_mean,0.8853,0.8853287091,133516
ednet,dkt,4,concept_raw,0.9247,0.9247169358,301372
ednet,sakt,0,pykt_question,0.6047,0.6046719830,132209
ednet,sakt,0,late_mean,0.8705,0.8705333873,133516
ednet,sakt,0,concept_raw,0.9179,0.9178725423,301372
ednet,sakt,1,pykt_question,0.603,0.6029535390,132209
ednet,sakt,1,late_mean,0.865,0.8650305465,133516
ednet,sakt,1,concept_raw,0.9182,0.9181813949,301372
ednet,sakt,2,pykt_question,0.6069,0.6069020515,132209
ednet,sakt,2,late_mean,0.8711,0.8710774952,133516
ednet,sakt,2,concept_raw,0.9184,0.9183787240,301372
ednet,sakt,3,pykt_question,0.607,0.6069875243,132209
ednet,sakt,3,late_mean,0.8703,0.8702568427,133516
ednet,sakt,3,concept_raw,0.9176,0.9176304844,301372
ednet,sakt,4,pykt_question,0.6059,0.6058759312,132209
ednet,sakt,4,late_mean,0.8723,0.8722901141,133516
ednet,sakt,4,concept_raw,0.919,0.9190410559,301372
ednet,simplekt,0,pykt_question,0.6585,0.6584621119,132209
ednet,simplekt,0,late_mean,0.8965,0.8965094659,133516
ednet,simplekt,0,concept_raw,0.9406,0.9406106083,301372
ednet,simplekt,1,pykt_question,0.6594,0.6594067124,132209
ednet,simplekt,1,late_mean,0.9018,0.9017580591,133516
ednet,simplekt,1,concept_raw,0.9412,0.9412148668,301372
ednet,simplekt,2,pykt_question,0.6579,0.6578667024,132209
ednet,simplekt,2,late_mean,0.897,0.8969657135,133516
ednet,simplekt,2,concept_raw,0.9407,0.9406727105,301372
ednet,simplekt,3,pykt_question,0.6568,0.6567899957,132209
ednet,simplekt,3,late_mean,0.8981,0.8980528965,133516
ednet,simplekt,3,concept_raw,0.9406,0.9405615154,301372
ednet,simplekt,4,pykt_question,0.6537,0.6536906049,132209
ednet,simplekt,4,late_mean,0.9012,0.9011933964,133516
ednet,simplekt,4,concept_raw,0.9406,0.9405975652,301372
