dataset,model,fold,auc_question_level,auc_observed_avg,auc_predicted_avg,auc_first_row_only,share_k1,mean_k,n_questions,n_truncated_groups,delta_observed,delta_predicted,residual
assist2012,dkt,0,0.7293,0.7293,0.7293,0.7293,1.0,1.0,536087,0,0.0,0.0,0.0
assist2012,dkt,1,0.7293,0.7293,0.7293,0.7293,1.0,1.0,536087,0,0.0,0.0,0.0
assist2012,dkt,2,0.7289,0.7289,0.7289,0.7289,1.0,1.0,536087,0,0.0,0.0,0.0
assist2012,dkt,3,0.7301,0.7301,0.7301,0.7301,1.0,1.0,536087,0,0.0,0.0,0.0
assist2012,dkt,4,0.7303,0.7303,0.7303,0.7303,1.0,1.0,536087,0,0.0,0.0,0.0
assist2012,sakt,0,0.7073,0.7073,0.7073,0.7073,1.0,1.0,536087,0,0.0,0.0,0.0
assist2012,sakt,1,0.7069,0.7069,0.7069,0.7069,1.0,1.0,536087,0,0.0,0.0,0.0
assist2012,sakt,2,0.7067,0.7067,0.7067,0.7067,1.0,1.0,536087,0,0.0,0.0,0.0
assist2012,sakt,3,0.7065,0.7065,0.7065,0.7065,1.0,1.0,536087,0,0.0,0.0,0.0
assist2012,sakt,4,0.7079,0.7079,0.7079,0.7079,1.0,1.0,536087,0,0.0,0.0,0.0
assist2012,akt,0,0.7729,0.7729,0.7729,0.7729,1.0,1.0,536087,0,0.0,0.0,0.0
assist2012,akt,1,0.7728,0.7728,0.7728,0.7728,1.0,1.0,536087,0,0.0,0.0,0.0
assist2012,akt,2,0.7717,0.7717,0.7717,0.7717,1.0,1.0,536087,0,0.0,0.0,0.0
assist2012,akt,3,0.7715,0.7715,0.7715,0.7715,1.0,1.0,536087,0,0.0,0.0,0.0
assist2012,akt,4,0.7725,0.7725,0.7725,0.7725,1.0,1.0,536087,0,0.0,0.0,0.0
assist2012,simplekt,0,0.7692,0.7692,0.7692,0.7692,1.0,1.0,536087,0,0.0,0.0,0.0
assist2012,simplekt,1,0.7703,0.7703,0.7703,0.7703,1.0,1.0,536087,0,0.0,0.0,0.0
assist2012,simplekt,2,0.771,0.771,0.771,0.771,1.0,1.0,536087,0,0.0,0.0,0.0
assist2012,simplekt,3,0.7702,0.7702,0.7702,0.7702,1.0,1.0,536087,0,0.0,0.0,0.0
assist2012,simplekt,4,0.7707,0.7707,0.7707,0.7707,1.0,1.0,536087,0,0.0,0.0,0.0
assist2017,dkt,0,0.7168,0.7168,0.7168,0.7168,1.0,1.0,177767,0,0.0,0.0,0.0
assist2017,dkt,1,0.7163,0.7163,0.7163,0.7163,1.0,1.0,177767,0,0.0,0.0,0.0
assist2017,dkt,2,0.7131,0.7131,0.7131,0.7131,1.0,1.0,177767,0,0.0,0.0,0.0
assist2017,dkt,3,0.7166,0.7166,0.7166,0.7166,1.0,1.0,177767,0,0.0,0.0,0.0
assist2017,dkt,4,0.7133,0.7133,0.7133,0.7133,1.0,1.0,177767,0,0.0,0.0,0.0
assist2017,sakt,0,0.6537,0.6537,0.6537,0.6537,1.0,1.0,177767,0,0.0,0.0,0.0
assist2017,sakt,1,0.6533,0.6533,0.6533,0.6533,1.0,1.0,177767,0,0.0,0.0,0.0
assist2017,sakt,2,0.6539,0.6539,0.6539,0.6539,1.0,1.0,177767,0,0.0,0.0,0.0
assist2017,sakt,3,0.6524,0.6524,0.6524,0.6524,1.0,1.0,177767,0,0.0,0.0,0.0
assist2017,sakt,4,0.6516,0.6516,0.6516,0.6516,1.0,1.0,177767,0,0.0,0.0,0.0
assist2017,akt,0,0.7583,0.7583,0.7583,0.7583,1.0,1.0,177767,0,0.0,0.0,0.0
assist2017,akt,1,0.7582,0.7582,0.7582,0.7582,1.0,1.0,177767,0,0.0,0.0,0.0
assist2017,akt,2,0.7576,0.7576,0.7576,0.7576,1.0,1.0,177767,0,0.0,0.0,0.0
assist2017,akt,3,0.7586,0.7586,0.7586,0.7586,1.0,1.0,177767,0,0.0,0.0,0.0
assist2017,akt,4,0.7595,0.7595,0.7595,0.7595,1.0,1.0,177767,0,0.0,0.0,0.0
assist2017,simplekt,0,0.755,0.755,0.755,0.755,1.0,1.0,177767,0,0.0,0.0,0.0
assist2017,simplekt,1,0.7565,0.7565,0.7565,0.7565,1.0,1.0,177767,0,0.0,0.0,0.0
assist2017,simplekt,2,0.7547,0.7547,0.7547,0.7547,1.0,1.0,177767,0,0.0,0.0,0.0
assist2017,simplekt,3,0.751,0.751,0.751,0.751,1.0,1.0,177767,0,0.0,0.0,0.0
assist2017,simplekt,4,0.7576,0.7576,0.7576,0.7576,1.0,1.0,177767,0,0.0,0.0,0.0
bridge2algebra2006,dkt,0,0.7963,0.7973,0.7975,0.7963,0.9965,1.0036,352378,2,0.001,0.0012,-0.0002
bridge2algebra2006,dkt,1,0.7957,0.7967,0.7968,0.7956,0.9965,1.0036,352378,2,0.001,0.0011,-0.0001
bridge2algebra2006,dkt,2,0.7953,0.7962,0.7964,0.7952,0.9965,1.0036,352378,2,0.0009,0.0011,-0.0002
bridge2algebra2006,dkt,3,0.7943,0.7953,0.7955,0.7943,0.9965,1.0036,352378,2,0.001,0.0012,-0.0002
bridge2algebra2006,dkt,4,0.7958,0.7968,0.797,0.7958,0.9965,1.0036,352378,2,0.001,0.0012,-0.0002
bridge2algebra2006,sakt,0,0.7616,0.7617,0.7629,0.7615,0.9965,1.0036,352378,2,0.0001,0.0013,-0.0012
bridge2algebra2006,sakt,1,0.7619,0.762,0.7631,0.7617,0.9965,1.0036,352378,2,0.0001,0.0012,-0.0011
bridge2algebra2006,sakt,2,0.7609,0.761,0.7622,0.7608,0.9965,1.0036,352378,2,0.0001,0.0013,-0.0012
bridge2algebra2006,sakt,3,0.761,0.7611,0.7622,0.7609,0.9965,1.0036,352378,2,0.0001,0.0012,-0.0011
bridge2algebra2006,sakt,4,0.7602,0.7603,0.7615,0.7602,0.9965,1.0036,352378,2,0.0001,0.0013,-0.0012
bridge2algebra2006,akt,0,0.8066,0.8069,0.8076,0.8065,0.9965,1.0036,352378,2,0.0003,0.001,-0.0007
bridge2algebra2006,akt,1,0.8067,0.8071,0.8078,0.8066,0.9965,1.0036,352378,2,0.0004,0.0011,-0.0007
bridge2algebra2006,akt,2,0.8074,0.8078,0.8085,0.8074,0.9965,1.0036,352378,2,0.0004,0.0011,-0.0007
bridge2algebra2006,akt,3,0.8057,0.8061,0.8068,0.8057,0.9965,1.0036,352378,2,0.0004,0.0011,-0.0007
bridge2algebra2006,akt,4,0.8059,0.8062,0.8069,0.8058,0.9965,1.0036,352378,2,0.0003,0.001,-0.0007
bridge2algebra2006,simplekt,0,0.808,0.8081,0.809,0.8079,0.9965,1.0036,352378,2,0.0001,0.001,-0.0009
bridge2algebra2006,simplekt,1,0.8059,0.8061,0.8068,0.8058,0.9965,1.0036,352378,2,0.0002,0.0009,-0.0007
bridge2algebra2006,simplekt,2,0.8067,0.8069,0.8077,0.8066,0.9965,1.0036,352378,2,0.0002,0.001,-0.0008
bridge2algebra2006,simplekt,3,0.8046,0.8048,0.8056,0.8045,0.9965,1.0036,352378,2,0.0002,0.001,-0.0008
bridge2algebra2006,simplekt,4,0.8046,0.8048,0.8058,0.8046,0.9965,1.0036,352378,2,0.0002,0.0012,-0.001
assist2009,dkt,0,0.7499,0.8149,0.8157,0.7546,0.8456,1.1805,52439,171,0.065,0.0658,-0.0008
assist2009,dkt,1,0.748,0.8143,0.8153,0.7529,0.8456,1.1805,52439,171,0.0663,0.0673,-0.001
assist2009,dkt,2,0.7514,0.8152,0.8159,0.7558,0.8456,1.1805,52439,171,0.0638,0.0645,-0.0007
assist2009,dkt,3,0.7517,0.8153,0.8161,0.7559,0.8456,1.1805,52439,171,0.0636,0.0644,-0.0008
assist2009,dkt,4,0.7525,0.8155,0.8162,0.7562,0.8456,1.1805,52439,171,0.063,0.0637,-0.0007
assist2009,sakt,0,0.7286,0.7495,0.7932,0.7282,0.8456,1.1805,52439,171,0.0209,0.0646,-0.0437
assist2009,sakt,1,0.7315,0.751,0.7969,0.732,0.8456,1.1805,52439,171,0.0195,0.0654,-0.0459
assist2009,sakt,2,0.7297,0.7514,0.7961,0.7304,0.8456,1.1805,52439,171,0.0217,0.0664,-0.0447
assist2009,sakt,3,0.7291,0.7503,0.7955,0.729,0.8456,1.1805,52439,171,0.0212,0.0664,-0.0452
assist2009,sakt,4,0.7286,0.7483,0.7942,0.7281,0.8456,1.1805,52439,171,0.0197,0.0656,-0.0459
assist2009,akt,0,0.7615,0.824,0.825,0.7665,0.8456,1.1805,52439,171,0.0625,0.0635,-0.001
assist2009,akt,1,0.7586,0.822,0.8233,0.7636,0.8456,1.1805,52439,171,0.0634,0.0647,-0.0013
assist2009,akt,2,0.7606,0.8238,0.8249,0.7662,0.8456,1.1805,52439,171,0.0632,0.0643,-0.0011
assist2009,akt,3,0.7583,0.8221,0.8232,0.7637,0.8456,1.1805,52439,171,0.0638,0.0649,-0.0011
assist2009,akt,4,0.7591,0.8226,0.8239,0.7645,0.8456,1.1805,52439,171,0.0635,0.0648,-0.0013
assist2009,simplekt,0,0.7636,0.8106,0.8155,0.7678,0.8456,1.1805,52439,171,0.047,0.0519,-0.0049
assist2009,simplekt,1,0.7607,0.8031,0.8054,0.7647,0.8456,1.1805,52439,171,0.0424,0.0447,-0.0023
assist2009,simplekt,2,0.7591,0.8204,0.8249,0.7667,0.8456,1.1805,52439,171,0.0613,0.0658,-0.0045
assist2009,simplekt,3,0.7674,0.8185,0.8235,0.7731,0.8456,1.1805,52439,171,0.0511,0.0561,-0.005
assist2009,simplekt,4,0.7661,0.8134,0.816,0.7715,0.8456,1.1805,52439,171,0.0473,0.0499,-0.0026
algebra2005,dkt,0,0.8098,0.8919,0.8931,0.8155,0.6974,1.4438,93279,220,0.0821,0.0833,-0.0012
algebra2005,dkt,1,0.808,0.892,0.8934,0.8144,0.6974,1.4438,93279,220,0.084,0.0854,-0.0014
algebra2005,dkt,2,0.8087,0.893,0.8943,0.8146,0.6974,1.4438,93279,220,0.0843,0.0856,-0.0013
algebra2005,dkt,3,0.8091,0.8928,0.8943,0.8155,0.6974,1.4438,93279,220,0.0837,0.0852,-0.0015
algebra2005,dkt,4,0.8114,0.8932,0.8944,0.8175,0.6974,1.4438,93279,220,0.0818,0.083,-0.0012
algebra2005,sakt,0,0.7841,0.8708,0.8764,0.7929,0.6974,1.4438,93279,220,0.0867,0.0923,-0.0056
algebra2005,sakt,1,0.7836,0.8714,0.876,0.7925,0.6974,1.4438,93279,220,0.0878,0.0924,-0.0046
algebra2005,sakt,2,0.7847,0.8718,0.8764,0.7934,0.6974,1.4438,93279,220,0.0871,0.0917,-0.0046
algebra2005,sakt,3,0.786,0.871,0.8761,0.7946,0.6974,1.4438,93279,220,0.085,0.0901,-0.0051
algebra2005,sakt,4,0.7852,0.8721,0.8765,0.7948,0.6974,1.4438,93279,220,0.0869,0.0913,-0.0044
algebra2005,akt,0,0.8079,0.8937,0.8985,0.8184,0.6974,1.4438,93279,220,0.0858,0.0906,-0.0048
algebra2005,akt,1,0.8079,0.8933,0.8978,0.8187,0.6974,1.4438,93279,220,0.0854,0.0899,-0.0045
algebra2005,akt,2,0.8062,0.8929,0.8978,0.8174,0.6974,1.4438,93279,220,0.0867,0.0916,-0.0049
algebra2005,akt,3,0.811,0.8935,0.898,0.8208,0.6974,1.4438,93279,220,0.0825,0.087,-0.0045
algebra2005,akt,4,0.8134,0.8957,0.9001,0.823,0.6974,1.4438,93279,220,0.0823,0.0867,-0.0044
algebra2005,simplekt,0,0.8134,0.8974,0.9003,0.8263,0.6974,1.4438,93279,220,0.084,0.0869,-0.0029
algebra2005,simplekt,1,0.8141,0.8953,0.8996,0.8262,0.6974,1.4438,93279,220,0.0812,0.0855,-0.0043
algebra2005,simplekt,2,0.8152,0.8965,0.8991,0.8276,0.6974,1.4438,93279,220,0.0813,0.0839,-0.0026
algebra2005,simplekt,3,0.8167,0.8954,0.8977,0.8288,0.6974,1.4438,93279,220,0.0787,0.081,-0.0023
algebra2005,simplekt,4,0.8128,0.8973,0.9009,0.8252,0.6974,1.4438,93279,220,0.0845,0.0881,-0.0036
ednet,dkt,0,0.6064,0.886,0.8863,0.6395,0.5266,2.2572,133516,1014,0.2796,0.2799,-0.0003
ednet,dkt,1,0.6068,0.886,0.8865,0.6385,0.5266,2.2572,133516,1014,0.2792,0.2797,-0.0005
ednet,dkt,2,0.6066,0.8848,0.8852,0.6355,0.5266,2.2572,133516,1014,0.2782,0.2786,-0.0004
ednet,dkt,3,0.6063,0.8852,0.8856,0.6374,0.5266,2.2572,133516,1014,0.2789,0.2793,-0.0004
ednet,dkt,4,0.6042,0.8853,0.8859,0.6343,0.5266,2.2572,133516,1014,0.2811,0.2817,-0.0006
ednet,sakt,0,0.6047,0.8705,0.881,0.6323,0.5266,2.2572,133516,1014,0.2658,0.2763,-0.0105
ednet,sakt,1,0.603,0.865,0.8722,0.6242,0.5266,2.2572,133516,1014,0.262,0.2692,-0.0072
ednet,sakt,2,0.6069,0.8711,0.8808,0.6316,0.5266,2.2572,133516,1014,0.2642,0.2739,-0.0097
ednet,sakt,3,0.607,0.8703,0.8814,0.6322,0.5266,2.2572,133516,1014,0.2633,0.2744,-0.0111
ednet,sakt,4,0.6059,0.8723,0.8819,0.6333,0.5266,2.2572,133516,1014,0.2664,0.276,-0.0096
ednet,akt,0,0.6071,0.883,0.8847,0.6406,0.5266,2.2572,133516,1014,0.2759,0.2776,-0.0017
ednet,akt,1,0.612,0.8861,0.8871,0.6464,0.5266,2.2572,133516,1014,0.2741,0.2751,-0.001
ednet,akt,2,0.607,0.8831,0.8848,0.6402,0.5266,2.2572,133516,1014,0.2761,0.2778,-0.0017
ednet,akt,3,0.6108,0.8862,0.8872,0.6464,0.5266,2.2572,133516,1014,0.2754,0.2764,-0.001
ednet,akt,4,0.6116,0.8871,0.8878,0.6472,0.5266,2.2572,133516,1014,0.2755,0.2762,-0.0007
ednet,simplekt,0,0.6585,0.8965,0.8968,0.7127,0.5266,2.2572,133516,1014,0.238,0.2383,-0.0003
ednet,simplekt,1,0.6594,0.9018,0.9022,0.716,0.5266,2.2572,133516,1014,0.2424,0.2428,-0.0004
ednet,simplekt,2,0.6579,0.897,0.8972,0.7128,0.5266,2.2572,133516,1014,0.2391,0.2393,-0.0002
ednet,simplekt,3,0.6568,0.8981,0.8983,0.7123,0.5266,2.2572,133516,1014,0.2413,0.2415,-0.0002
ednet,simplekt,4,0.6537,0.9012,0.9016,0.7128,0.5266,2.2572,133516,1014,0.2475,0.2479,-0.0004
