dataset,model,fold,pos_lo,pos_hi,quartile,n,frac_mean,auc_first_row,auc_question_level,gap
ednet,dkt,0,5,20,1,7075,0.157537,0.617451,0.613125,0.004326
ednet,dkt,0,5,20,2,7224,1.384337,0.668665,0.64879,0.019875
ednet,dkt,0,5,20,3,6894,2.141994,0.711286,0.656924,0.054362
ednet,dkt,0,5,20,4,7047,3.087682,0.606402,0.574088,0.032315
ednet,dkt,0,20,60,1,14632,0.33379,0.605123,0.592911,0.012212
ednet,dkt,0,20,60,2,14613,1.238844,0.642475,0.619199,0.023275
ednet,dkt,0,20,60,3,14624,1.864621,0.629528,0.604348,0.02518
ednet,dkt,0,20,60,4,14613,2.651379,0.612596,0.577305,0.035291
ednet,dkt,0,60,120,1,7895,0.129732,0.592808,0.593077,-0.000269
ednet,dkt,0,60,120,2,7891,0.594297,0.602019,0.585236,0.016782
ednet,dkt,0,60,120,3,7885,1.003194,0.609686,0.585597,0.024088
ednet,dkt,0,60,120,4,7888,1.56826,0.612852,0.594491,0.018361
ednet,dkt,0,0,-1,1,33119,0.111704,0.617808,0.603129,0.014679
ednet,dkt,0,0,-1,2,32963,0.848338,0.619833,0.59526,0.024573
ednet,dkt,0,0,-1,3,32862,1.633816,0.651867,0.623215,0.028652
ednet,dkt,0,0,-1,4,32971,2.618762,0.642499,0.603693,0.038807
ednet,dkt,1,5,20,1,7075,0.157537,0.613252,0.608894,0.004358
ednet,dkt,1,5,20,2,7224,1.384337,0.664904,0.646926,0.017978
ednet,dkt,1,5,20,3,6894,2.141994,0.710144,0.65864,0.051503
ednet,dkt,1,5,20,4,7047,3.087682,0.605858,0.574956,0.030902
ednet,dkt,1,20,60,1,14632,0.33379,0.606031,0.593451,0.01258
ednet,dkt,1,20,60,2,14613,1.238844,0.642814,0.618715,0.024099
ednet,dkt,1,20,60,3,14624,1.864621,0.628935,0.603896,0.025039
ednet,dkt,1,20,60,4,14613,2.651379,0.611904,0.578079,0.033825
ednet,dkt,1,60,120,1,7895,0.129732,0.594906,0.594702,0.000204
ednet,dkt,1,60,120,2,7891,0.594297,0.601142,0.584555,0.016587
ednet,dkt,1,60,120,3,7885,1.003194,0.609431,0.587463,0.021969
ednet,dkt,1,60,120,4,7888,1.56826,0.612983,0.593866,0.019117
ednet,dkt,1,0,-1,1,33119,0.111704,0.618704,0.60404,0.014663
ednet,dkt,1,0,-1,2,32963,0.848338,0.618729,0.595587,0.023141
ednet,dkt,1,0,-1,3,32862,1.633816,0.651506,0.62352,0.027985
ednet,dkt,1,0,-1,4,32971,2.618762,0.641396,0.60437,0.037026
ednet,dkt,2,5,20,1,7075,0.157537,0.611412,0.606807,0.004606
ednet,dkt,2,5,20,2,7224,1.384337,0.661442,0.646319,0.015123
ednet,dkt,2,5,20,3,6894,2.141994,0.706561,0.656754,0.049807
ednet,dkt,2,5,20,4,7047,3.087682,0.6041,0.576858,0.027242
ednet,dkt,2,20,60,1,14632,0.33379,0.601849,0.590593,0.011256
ednet,dkt,2,20,60,2,14613,1.238844,0.641621,0.620239,0.021382
ednet,dkt,2,20,60,3,14624,1.864621,0.628493,0.605254,0.023239
ednet,dkt,2,20,60,4,14613,2.651379,0.613151,0.579668,0.033483
ednet,dkt,2,60,120,1,7895,0.129732,0.585177,0.585529,-0.000352
ednet,dkt,2,60,120,2,7891,0.594297,0.600806,0.584115,0.016691
ednet,dkt,2,60,120,3,7885,1.003194,0.601651,0.584214,0.017438
ednet,dkt,2,60,120,4,7888,1.56826,0.605089,0.592361,0.012728
ednet,dkt,2,0,-1,1,33119,0.111704,0.615194,0.600724,0.01447
ednet,dkt,2,0,-1,2,32963,0.848338,0.615557,0.59474,0.020817
ednet,dkt,2,0,-1,3,32862,1.633816,0.648079,0.623269,0.024811
ednet,dkt,2,0,-1,4,32971,2.618762,0.640275,0.605395,0.034881
ednet,dkt,3,5,20,1,7075,0.157537,0.613965,0.609805,0.00416
ednet,dkt,3,5,20,2,7224,1.384337,0.666691,0.647169,0.019521
ednet,dkt,3,5,20,3,6894,2.141994,0.710234,0.657616,0.052618
ednet,dkt,3,5,20,4,7047,3.087682,0.603452,0.574472,0.02898
ednet,dkt,3,20,60,1,14632,0.33379,0.603089,0.591275,0.011813
ednet,dkt,3,20,60,2,14613,1.238844,0.641965,0.618919,0.023046
ednet,dkt,3,20,60,3,14624,1.864621,0.630641,0.60524,0.0254
ednet,dkt,3,20,60,4,14613,2.651379,0.613884,0.578845,0.035039
ednet,dkt,3,60,120,1,7895,0.129732,0.584673,0.585445,-0.000772
ednet,dkt,3,60,120,2,7891,0.594297,0.601572,0.583993,0.017579
ednet,dkt,3,60,120,3,7885,1.003194,0.605525,0.584867,0.020659
ednet,dkt,3,60,120,4,7888,1.56826,0.610392,0.593157,0.017235
ednet,dkt,3,0,-1,1,33119,0.111704,0.615169,0.601188,0.013981
ednet,dkt,3,0,-1,2,32963,0.848338,0.617209,0.593879,0.02333
ednet,dkt,3,0,-1,3,32862,1.633816,0.650404,0.623536,0.026868
ednet,dkt,3,0,-1,4,32971,2.618762,0.642357,0.605,0.037357
ednet,dkt,4,5,20,1,7075,0.157537,0.616549,0.610686,0.005864
ednet,dkt,4,5,20,2,7224,1.384337,0.663013,0.645531,0.017481
ednet,dkt,4,5,20,3,6894,2.141994,0.70596,0.653018,0.052942
ednet,dkt,4,5,20,4,7047,3.087682,0.599814,0.570737,0.029077
ednet,dkt,4,20,60,1,14632,0.33379,0.601139,0.590393,0.010746
ednet,dkt,4,20,60,2,14613,1.238844,0.640475,0.617767,0.022708
ednet,dkt,4,20,60,3,14624,1.864621,0.625392,0.602829,0.022563
ednet,dkt,4,20,60,4,14613,2.651379,0.607311,0.576716,0.030596
ednet,dkt,4,60,120,1,7895,0.129732,0.589112,0.588759,0.000352
ednet,dkt,4,60,120,2,7891,0.594297,0.595926,0.581957,0.013969
ednet,dkt,4,60,120,3,7885,1.003194,0.6021,0.583758,0.018342
ednet,dkt,4,60,120,4,7888,1.56826,0.608583,0.592013,0.01657
ednet,dkt,4,0,-1,1,33119,0.111704,0.615379,0.600916,0.014462
ednet,dkt,4,0,-1,2,32963,0.848338,0.613581,0.592487,0.021093
ednet,dkt,4,0,-1,3,32862,1.633816,0.647852,0.62146,0.026392
ednet,dkt,4,0,-1,4,32971,2.618762,0.637353,0.601925,0.035428
ednet,sakt,0,5,20,1,7075,0.157537,0.609539,0.603909,0.00563
ednet,sakt,0,5,20,2,7224,1.384337,0.654555,0.6417,0.012855
ednet,sakt,0,5,20,3,6894,2.141994,0.701267,0.658343,0.042924
ednet,sakt,0,5,20,4,7047,3.087682,0.598131,0.574673,0.023458
ednet,sakt,0,20,60,1,14632,0.33379,0.597317,0.586017,0.0113
ednet,sakt,0,20,60,2,14613,1.238844,0.636491,0.614275,0.022216
ednet,sakt,0,20,60,3,14624,1.864621,0.626035,0.605373,0.020662
ednet,sakt,0,20,60,4,14613,2.651379,0.601461,0.578986,0.022475
ednet,sakt,0,60,120,1,7895,0.129732,0.586438,0.586497,-5.9e-05
ednet,sakt,0,60,120,2,7891,0.594297,0.601702,0.588234,0.013468
ednet,sakt,0,60,120,3,7885,1.003194,0.596682,0.580168,0.016514
ednet,sakt,0,60,120,4,7888,1.56826,0.61361,0.599135,0.014474
ednet,sakt,0,0,-1,1,33119,0.111704,0.610533,0.597674,0.012859
ednet,sakt,0,0,-1,2,32963,0.848338,0.613177,0.59182,0.021358
ednet,sakt,0,0,-1,3,32862,1.633816,0.646005,0.62279,0.023215
ednet,sakt,0,0,-1,4,32971,2.618762,0.631554,0.603763,0.027791
ednet,sakt,1,5,20,1,7075,0.157537,0.596792,0.59502,0.001772
ednet,sakt,1,5,20,2,7224,1.384337,0.645546,0.639663,0.005883
ednet,sakt,1,5,20,3,6894,2.141994,0.694486,0.654285,0.040201
ednet,sakt,1,5,20,4,7047,3.087682,0.587089,0.572668,0.014421
ednet,sakt,1,20,60,1,14632,0.33379,0.588786,0.5819,0.006886
ednet,sakt,1,20,60,2,14613,1.238844,0.636509,0.613379,0.02313
ednet,sakt,1,20,60,3,14624,1.864621,0.614553,0.60223,0.012323
ednet,sakt,1,20,60,4,14613,2.651379,0.593126,0.578522,0.014604
ednet,sakt,1,60,120,1,7895,0.129732,0.575446,0.576076,-0.000629
ednet,sakt,1,60,120,2,7891,0.594297,0.596482,0.588306,0.008177
ednet,sakt,1,60,120,3,7885,1.003194,0.590408,0.580932,0.009476
ednet,sakt,1,60,120,4,7888,1.56826,0.59906,0.595787,0.003273
ednet,sakt,1,0,-1,1,33119,0.111704,0.600474,0.588619,0.011855
ednet,sakt,1,0,-1,2,32963,0.848338,0.608365,0.591678,0.016687
ednet,sakt,1,0,-1,3,32862,1.633816,0.6392,0.622622,0.016578
ednet,sakt,1,0,-1,4,32971,2.618762,0.621583,0.602268,0.019315
ednet,sakt,2,5,20,1,7075,0.157537,0.607302,0.603601,0.003702
ednet,sakt,2,5,20,2,7224,1.384337,0.650575,0.641877,0.008698
ednet,sakt,2,5,20,3,6894,2.141994,0.698199,0.655898,0.042301
ednet,sakt,2,5,20,4,7047,3.087682,0.596428,0.578124,0.018304
ednet,sakt,2,20,60,1,14632,0.33379,0.598065,0.588244,0.009821
ednet,sakt,2,20,60,2,14613,1.238844,0.640718,0.618385,0.022333
ednet,sakt,2,20,60,3,14624,1.864621,0.626767,0.610207,0.01656
ednet,sakt,2,20,60,4,14613,2.651379,0.599977,0.581264,0.018713
ednet,sakt,2,60,120,1,7895,0.129732,0.582391,0.581273,0.001118
ednet,sakt,2,60,120,2,7891,0.594297,0.601188,0.592949,0.008239
ednet,sakt,2,60,120,3,7885,1.003194,0.596108,0.582043,0.014065
ednet,sakt,2,60,120,4,7888,1.56826,0.610499,0.600385,0.010114
ednet,sakt,2,0,-1,1,33119,0.111704,0.609765,0.596078,0.013687
ednet,sakt,2,0,-1,2,32963,0.848338,0.612368,0.593048,0.01932
ednet,sakt,2,0,-1,3,32862,1.633816,0.647364,0.628816,0.018549
ednet,sakt,2,0,-1,4,32971,2.618762,0.628854,0.605226,0.023627
ednet,sakt,3,5,20,1,7075,0.157537,0.605807,0.601832,0.003975
ednet,sakt,3,5,20,2,7224,1.384337,0.65539,0.645656,0.009734
ednet,sakt,3,5,20,3,6894,2.141994,0.703237,0.656887,0.04635
ednet,sakt,3,5,20,4,7047,3.087682,0.591922,0.573954,0.017968
ednet,sakt,3,20,60,1,14632,0.33379,0.597884,0.58519,0.012694
ednet,sakt,3,20,60,2,14613,1.238844,0.636694,0.614818,0.021876
ednet,sakt,3,20,60,3,14624,1.864621,0.624429,0.609711,0.014718
ednet,sakt,3,20,60,4,14613,2.651379,0.601793,0.582245,0.019549
ednet,sakt,3,60,120,1,7895,0.129732,0.584612,0.583976,0.000636
ednet,sakt,3,60,120,2,7891,0.594297,0.606058,0.594261,0.011797
ednet,sakt,3,60,120,3,7885,1.003194,0.600949,0.58328,0.017669
ednet,sakt,3,60,120,4,7888,1.56826,0.609921,0.595696,0.014225
ednet,sakt,3,0,-1,1,33119,0.111704,0.609657,0.597209,0.012448
ednet,sakt,3,0,-1,2,32963,0.848338,0.6144,0.593671,0.020729
ednet,sakt,3,0,-1,3,32862,1.633816,0.647716,0.626602,0.021114
ednet,sakt,3,0,-1,4,32971,2.618762,0.629139,0.604755,0.024384
ednet,sakt,4,5,20,1,7075,0.157537,0.61321,0.608271,0.004939
ednet,sakt,4,5,20,2,7224,1.384337,0.656352,0.645201,0.011151
ednet,sakt,4,5,20,3,6894,2.141994,0.703382,0.658382,0.045
ednet,sakt,4,5,20,4,7047,3.087682,0.595243,0.574492,0.020751
ednet,sakt,4,20,60,1,14632,0.33379,0.597238,0.584642,0.012596
ednet,sakt,4,20,60,2,14613,1.238844,0.64231,0.616953,0.025358
ednet,sakt,4,20,60,3,14624,1.864621,0.625411,0.608823,0.016588
ednet,sakt,4,20,60,4,14613,2.651379,0.605236,0.583058,0.022178
ednet,sakt,4,60,120,1,7895,0.129732,0.584038,0.58473,-0.000692
ednet,sakt,4,60,120,2,7891,0.594297,0.604419,0.590332,0.014088
ednet,sakt,4,60,120,3,7885,1.003194,0.597724,0.581997,0.015727
ednet,sakt,4,60,120,4,7888,1.56826,0.606673,0.596101,0.010571
ednet,sakt,4,0,-1,1,33119,0.111704,0.611301,0.59782,0.013481
ednet,sakt,4,0,-1,2,32963,0.848338,0.613958,0.591688,0.02227
ednet,sakt,4,0,-1,3,32862,1.633816,0.647916,0.626294,0.021622
ednet,sakt,4,0,-1,4,32971,2.618762,0.632881,0.605614,0.027267
ednet,akt,0,5,20,1,7075,0.157537,0.611961,0.604208,0.007753
ednet,akt,0,5,20,2,7224,1.384337,0.664971,0.642769,0.022202
ednet,akt,0,5,20,3,6894,2.141994,0.709232,0.655814,0.053418
ednet,akt,0,5,20,4,7047,3.087682,0.617646,0.580376,0.03727
ednet,akt,0,20,60,1,14632,0.33379,0.6049,0.590877,0.014023
ednet,akt,0,20,60,2,14613,1.238844,0.643677,0.614947,0.02873
ednet,akt,0,20,60,3,14624,1.864621,0.637321,0.611267,0.026055
ednet,akt,0,20,60,4,14613,2.651379,0.615061,0.587147,0.027914
ednet,akt,0,60,120,1,7895,0.129732,0.592074,0.589332,0.002742
ednet,akt,0,60,120,2,7891,0.594297,0.611459,0.589121,0.022338
ednet,akt,0,60,120,3,7885,1.003194,0.611527,0.585426,0.0261
ednet,akt,0,60,120,4,7888,1.56826,0.623032,0.602099,0.020933
ednet,akt,0,0,-1,1,33119,0.111704,0.612347,0.596924,0.015423
ednet,akt,0,0,-1,2,32963,0.848338,0.621853,0.593829,0.028024
ednet,akt,0,0,-1,3,32862,1.633816,0.656118,0.625997,0.030121
ednet,akt,0,0,-1,4,32971,2.618762,0.645659,0.610503,0.035156
ednet,akt,1,5,20,1,7075,0.157537,0.61426,0.605921,0.008339
ednet,akt,1,5,20,2,7224,1.384337,0.669451,0.648331,0.021119
ednet,akt,1,5,20,3,6894,2.141994,0.714752,0.665916,0.048836
ednet,akt,1,5,20,4,7047,3.087682,0.623029,0.585019,0.03801
ednet,akt,1,20,60,1,14632,0.33379,0.612148,0.596813,0.015335
ednet,akt,1,20,60,2,14613,1.238844,0.649234,0.617491,0.031743
ednet,akt,1,20,60,3,14624,1.864621,0.642341,0.615518,0.026823
ednet,akt,1,20,60,4,14613,2.651379,0.618609,0.588999,0.029611
ednet,akt,1,60,120,1,7895,0.129732,0.599066,0.596403,0.002663
ednet,akt,1,60,120,2,7891,0.594297,0.61767,0.59351,0.024161
ednet,akt,1,60,120,3,7885,1.003194,0.620294,0.590718,0.029576
ednet,akt,1,60,120,4,7888,1.56826,0.629092,0.606003,0.023088
ednet,akt,1,0,-1,1,33119,0.111704,0.619818,0.60403,0.015788
ednet,akt,1,0,-1,2,32963,0.848338,0.628955,0.5992,0.029755
ednet,akt,1,0,-1,3,32862,1.633816,0.661012,0.629548,0.031464
ednet,akt,1,0,-1,4,32971,2.618762,0.64955,0.615024,0.034526
ednet,akt,2,5,20,1,7075,0.157537,0.610678,0.603447,0.007231
ednet,akt,2,5,20,2,7224,1.384337,0.664282,0.642305,0.021977
ednet,akt,2,5,20,3,6894,2.141994,0.707059,0.655903,0.051156
ednet,akt,2,5,20,4,7047,3.087682,0.61937,0.583223,0.036147
ednet,akt,2,20,60,1,14632,0.33379,0.603924,0.589504,0.01442
ednet,akt,2,20,60,2,14613,1.238844,0.643115,0.614388,0.028727
ednet,akt,2,20,60,3,14624,1.864621,0.636677,0.610959,0.025718
ednet,akt,2,20,60,4,14613,2.651379,0.614011,0.588201,0.02581
ednet,akt,2,60,120,1,7895,0.129732,0.59121,0.589131,0.002078
ednet,akt,2,60,120,2,7891,0.594297,0.611216,0.588794,0.022423
ednet,akt,2,60,120,3,7885,1.003194,0.611477,0.585391,0.026087
ednet,akt,2,60,120,4,7888,1.56826,0.622545,0.602589,0.019956
ednet,akt,2,0,-1,1,33119,0.111704,0.612034,0.596777,0.015257
ednet,akt,2,0,-1,2,32963,0.848338,0.621279,0.593444,0.027835
ednet,akt,2,0,-1,3,32862,1.633816,0.655613,0.625699,0.029915
ednet,akt,2,0,-1,4,32971,2.618762,0.645172,0.611655,0.033517
ednet,akt,3,5,20,1,7075,0.157537,0.616461,0.60718,0.009281
ednet,akt,3,5,20,2,7224,1.384337,0.669919,0.646582,0.023337
ednet,akt,3,5,20,3,6894,2.141994,0.714917,0.663095,0.051822
ednet,akt,3,5,20,4,7047,3.087682,0.621643,0.582435,0.039208
ednet,akt,3,20,60,1,14632,0.33379,0.613385,0.59758,0.015805
ednet,akt,3,20,60,2,14613,1.238844,0.650197,0.618241,0.031956
ednet,akt,3,20,60,3,14624,1.864621,0.641098,0.613013,0.028086
ednet,akt,3,20,60,4,14613,2.651379,0.620295,0.588999,0.031296
ednet,akt,3,60,120,1,7895,0.129732,0.599207,0.59641,0.002796
ednet,akt,3,60,120,2,7891,0.594297,0.61873,0.593609,0.025121
ednet,akt,3,60,120,3,7885,1.003194,0.620469,0.590068,0.030401
ednet,akt,3,60,120,4,7888,1.56826,0.631226,0.605677,0.025549
ednet,akt,3,0,-1,1,33119,0.111704,0.619592,0.603029,0.016563
ednet,akt,3,0,-1,2,32963,0.848338,0.629086,0.599087,0.03
ednet,akt,3,0,-1,3,32862,1.633816,0.661069,0.628244,0.032825
ednet,akt,3,0,-1,4,32971,2.618762,0.650105,0.613465,0.03664
ednet,akt,4,5,20,1,7075,0.157537,0.616158,0.60659,0.009567
ednet,akt,4,5,20,2,7224,1.384337,0.670468,0.64791,0.022558
ednet,akt,4,5,20,3,6894,2.141994,0.714857,0.664071,0.050786
ednet,akt,4,5,20,4,7047,3.087682,0.623088,0.584699,0.038388
ednet,akt,4,20,60,1,14632,0.33379,0.613527,0.596724,0.016803
ednet,akt,4,20,60,2,14613,1.238844,0.651859,0.620914,0.030945
ednet,akt,4,20,60,3,14624,1.864621,0.641621,0.613388,0.028234
ednet,akt,4,20,60,4,14613,2.651379,0.62094,0.588777,0.032164
ednet,akt,4,60,120,1,7895,0.129732,0.600941,0.597074,0.003867
ednet,akt,4,60,120,2,7891,0.594297,0.620588,0.596242,0.024345
ednet,akt,4,60,120,3,7885,1.003194,0.622097,0.590951,0.031146
ednet,akt,4,60,120,4,7888,1.56826,0.633588,0.607582,0.026006
ednet,akt,4,0,-1,1,33119,0.111704,0.62017,0.603317,0.016853
ednet,akt,4,0,-1,2,32963,0.848338,0.630618,0.599822,0.030796
ednet,akt,4,0,-1,3,32862,1.633816,0.662099,0.629906,0.032193
ednet,akt,4,0,-1,4,32971,2.618762,0.650445,0.613908,0.036537
ednet,simplekt,0,5,20,1,7075,0.157537,0.687409,0.669381,0.018028
ednet,simplekt,0,5,20,2,7224,1.384337,0.731158,0.687742,0.043416
ednet,simplekt,0,5,20,3,6894,2.141994,0.750507,0.684505,0.066003
ednet,simplekt,0,5,20,4,7047,3.087682,0.691556,0.636935,0.054622
ednet,simplekt,0,20,60,1,14632,0.33379,0.691799,0.660407,0.031392
ednet,simplekt,0,20,60,2,14613,1.238844,0.711603,0.664919,0.046684
ednet,simplekt,0,20,60,3,14624,1.864621,0.705545,0.654943,0.050601
ednet,simplekt,0,20,60,4,14613,2.651379,0.701109,0.642839,0.05827
ednet,simplekt,0,60,120,1,7895,0.129732,0.678336,0.662762,0.015574
ednet,simplekt,0,60,120,2,7891,0.594297,0.696164,0.66133,0.034834
ednet,simplekt,0,60,120,3,7885,1.003194,0.701304,0.650602,0.050703
ednet,simplekt,0,60,120,4,7888,1.56826,0.702913,0.65436,0.048552
ednet,simplekt,0,0,-1,1,33119,0.111704,0.695177,0.668417,0.02676
ednet,simplekt,0,0,-1,2,32963,0.848338,0.70499,0.658841,0.046149
ednet,simplekt,0,0,-1,3,32862,1.633816,0.720444,0.669181,0.051263
ednet,simplekt,0,0,-1,4,32971,2.618762,0.714752,0.657469,0.057283
ednet,simplekt,1,5,20,1,7075,0.157537,0.691339,0.67455,0.016789
ednet,simplekt,1,5,20,2,7224,1.384337,0.733314,0.687705,0.045608
ednet,simplekt,1,5,20,3,6894,2.141994,0.751745,0.682663,0.069083
ednet,simplekt,1,5,20,4,7047,3.087682,0.691385,0.634646,0.056739
ednet,simplekt,1,20,60,1,14632,0.33379,0.698979,0.663872,0.035107
ednet,simplekt,1,20,60,2,14613,1.238844,0.712515,0.666219,0.046296
ednet,simplekt,1,20,60,3,14624,1.864621,0.708919,0.656124,0.052795
ednet,simplekt,1,20,60,4,14613,2.651379,0.705803,0.644268,0.061535
ednet,simplekt,1,60,120,1,7895,0.129732,0.675172,0.660552,0.014619
ednet,simplekt,1,60,120,2,7891,0.594297,0.702681,0.665979,0.036701
ednet,simplekt,1,60,120,3,7885,1.003194,0.706523,0.652882,0.053641
ednet,simplekt,1,60,120,4,7888,1.56826,0.708351,0.657827,0.050524
ednet,simplekt,1,0,-1,1,33119,0.111704,0.698448,0.67169,0.026758
ednet,simplekt,1,0,-1,2,32963,0.848338,0.709637,0.660385,0.049252
ednet,simplekt,1,0,-1,3,32862,1.633816,0.723077,0.67048,0.052597
ednet,simplekt,1,0,-1,4,32971,2.618762,0.717578,0.657787,0.059791
ednet,simplekt,2,5,20,1,7075,0.157537,0.685928,0.668,0.017928
ednet,simplekt,2,5,20,2,7224,1.384337,0.73325,0.689432,0.043818
ednet,simplekt,2,5,20,3,6894,2.141994,0.751638,0.684858,0.066781
ednet,simplekt,2,5,20,4,7047,3.087682,0.693114,0.639104,0.05401
ednet,simplekt,2,20,60,1,14632,0.33379,0.692159,0.65994,0.032219
ednet,simplekt,2,20,60,2,14613,1.238844,0.714471,0.666392,0.048079
ednet,simplekt,2,20,60,3,14624,1.864621,0.7021,0.65389,0.04821
ednet,simplekt,2,20,60,4,14613,2.651379,0.700779,0.642584,0.058195
ednet,simplekt,2,60,120,1,7895,0.129732,0.673004,0.657348,0.015656
ednet,simplekt,2,60,120,2,7891,0.594297,0.698006,0.662079,0.035927
ednet,simplekt,2,60,120,3,7885,1.003194,0.706595,0.652679,0.053916
ednet,simplekt,2,60,120,4,7888,1.56826,0.70314,0.654022,0.049118
ednet,simplekt,2,0,-1,1,33119,0.111704,0.693254,0.666729,0.026525
ednet,simplekt,2,0,-1,2,32963,0.848338,0.707133,0.659297,0.047836
ednet,simplekt,2,0,-1,3,32862,1.633816,0.72063,0.66921,0.05142
ednet,simplekt,2,0,-1,4,32971,2.618762,0.714601,0.657445,0.057156
ednet,simplekt,3,5,20,1,7075,0.157537,0.689499,0.673233,0.016265
ednet,simplekt,3,5,20,2,7224,1.384337,0.733728,0.689757,0.043971
ednet,simplekt,3,5,20,3,6894,2.141994,0.750464,0.682095,0.068369
ednet,simplekt,3,5,20,4,7047,3.087682,0.696838,0.640546,0.056292
ednet,simplekt,3,20,60,1,14632,0.33379,0.694086,0.661622,0.032463
ednet,simplekt,3,20,60,2,14613,1.238844,0.710677,0.663682,0.046995
ednet,simplekt,3,20,60,3,14624,1.864621,0.70353,0.653226,0.050304
ednet,simplekt,3,20,60,4,14613,2.651379,0.696093,0.639349,0.056744
ednet,simplekt,3,60,120,1,7895,0.129732,0.672821,0.658356,0.014465
ednet,simplekt,3,60,120,2,7891,0.594297,0.695031,0.65747,0.037561
ednet,simplekt,3,60,120,3,7885,1.003194,0.700252,0.646344,0.053908
ednet,simplekt,3,60,120,4,7888,1.56826,0.705504,0.654235,0.051269
ednet,simplekt,3,0,-1,1,33119,0.111704,0.696126,0.669156,0.02697
ednet,simplekt,3,0,-1,2,32963,0.848338,0.703716,0.656222,0.047494
ednet,simplekt,3,0,-1,3,32862,1.633816,0.71982,0.667675,0.052144
ednet,simplekt,3,0,-1,4,32971,2.618762,0.714495,0.656327,0.058168
ednet,simplekt,4,5,20,1,7075,0.157537,0.691633,0.671781,0.019852
ednet,simplekt,4,5,20,2,7224,1.384337,0.733098,0.684953,0.048145
ednet,simplekt,4,5,20,3,6894,2.141994,0.748655,0.683509,0.065146
ednet,simplekt,4,5,20,4,7047,3.087682,0.697826,0.636024,0.061802
ednet,simplekt,4,20,60,1,14632,0.33379,0.690421,0.654637,0.035784
ednet,simplekt,4,20,60,2,14613,1.238844,0.71019,0.660292,0.049898
ednet,simplekt,4,20,60,3,14624,1.864621,0.708508,0.652636,0.055872
ednet,simplekt,4,20,60,4,14613,2.651379,0.702162,0.639184,0.062978
ednet,simplekt,4,60,120,1,7895,0.129732,0.675316,0.659204,0.016112
ednet,simplekt,4,60,120,2,7891,0.594297,0.695508,0.653845,0.041662
ednet,simplekt,4,60,120,3,7885,1.003194,0.706899,0.646854,0.060044
ednet,simplekt,4,60,120,4,7888,1.56826,0.704377,0.648294,0.056083
ednet,simplekt,4,0,-1,1,33119,0.111704,0.693876,0.665006,0.02887
ednet,simplekt,4,0,-1,2,32963,0.848338,0.705646,0.652478,0.053168
ednet,simplekt,4,0,-1,3,32862,1.633816,0.720143,0.665152,0.05499
ednet,simplekt,4,0,-1,4,32971,2.618762,0.717883,0.655936,0.061947
algebra2005,dkt,0,5,20,1,2952,0.129114,0.81403,0.812648,0.001382
algebra2005,dkt,0,5,20,2,2889,0.359974,0.800367,0.795762,0.004605
algebra2005,dkt,0,5,20,3,3091,0.569166,0.817198,0.815675,0.001524
algebra2005,dkt,0,5,20,4,2618,0.863182,0.801351,0.790042,0.011309
algebra2005,dkt,0,20,60,1,7181,0.207127,0.806879,0.80642,0.000458
algebra2005,dkt,0,20,60,2,7201,0.404633,0.829033,0.823185,0.005848
algebra2005,dkt,0,20,60,3,7187,0.547141,0.823447,0.816324,0.007123
algebra2005,dkt,0,20,60,4,7136,0.740623,0.809846,0.797696,0.01215
algebra2005,dkt,0,60,120,1,9935,0.228204,0.819296,0.817983,0.001314
algebra2005,dkt,0,60,120,2,9930,0.405231,0.835547,0.829744,0.005803
algebra2005,dkt,0,60,120,3,10014,0.523657,0.815348,0.811775,0.003573
algebra2005,dkt,0,60,120,4,9826,0.696863,0.81412,0.809502,0.004618
algebra2005,dkt,0,0,-1,1,23218,0.173214,0.805725,0.80428,0.001445
algebra2005,dkt,0,0,-1,2,23190,0.374234,0.821019,0.815774,0.005244
algebra2005,dkt,0,0,-1,3,23226,0.509325,0.821468,0.81577,0.005698
algebra2005,dkt,0,0,-1,4,23179,0.732406,0.809903,0.802273,0.007631
algebra2005,dkt,1,5,20,1,2952,0.129114,0.816993,0.814187,0.002806
algebra2005,dkt,1,5,20,2,2889,0.359974,0.805336,0.801256,0.00408
algebra2005,dkt,1,5,20,3,3091,0.569166,0.808691,0.805838,0.002853
algebra2005,dkt,1,5,20,4,2618,0.863182,0.804326,0.790296,0.01403
algebra2005,dkt,1,20,60,1,7181,0.207127,0.804021,0.803793,0.000228
algebra2005,dkt,1,20,60,2,7201,0.404633,0.829976,0.824062,0.005914
algebra2005,dkt,1,20,60,3,7187,0.547141,0.822604,0.814653,0.007951
algebra2005,dkt,1,20,60,4,7136,0.740623,0.808444,0.795083,0.013361
algebra2005,dkt,1,60,120,1,9935,0.228204,0.819741,0.818303,0.001438
algebra2005,dkt,1,60,120,2,9930,0.405231,0.837158,0.83038,0.006778
algebra2005,dkt,1,60,120,3,10014,0.523657,0.813971,0.808909,0.005061
algebra2005,dkt,1,60,120,4,9826,0.696863,0.811875,0.805498,0.006377
algebra2005,dkt,1,0,-1,1,23218,0.173214,0.802931,0.801081,0.00185
algebra2005,dkt,1,0,-1,2,23190,0.374234,0.822699,0.81755,0.005149
algebra2005,dkt,1,0,-1,3,23226,0.509325,0.820382,0.813662,0.006721
algebra2005,dkt,1,0,-1,4,23179,0.732406,0.808335,0.799033,0.009302
algebra2005,dkt,2,5,20,1,2952,0.129114,0.813605,0.811416,0.002189
algebra2005,dkt,2,5,20,2,2889,0.359974,0.806354,0.803088,0.003266
algebra2005,dkt,2,5,20,3,3091,0.569166,0.809948,0.808318,0.001631
algebra2005,dkt,2,5,20,4,2618,0.863182,0.805436,0.790902,0.014534
algebra2005,dkt,2,20,60,1,7181,0.207127,0.805135,0.805098,3.6e-05
algebra2005,dkt,2,20,60,2,7201,0.404633,0.832891,0.827147,0.005744
algebra2005,dkt,2,20,60,3,7187,0.547141,0.821927,0.814766,0.007161
algebra2005,dkt,2,20,60,4,7136,0.740623,0.808895,0.796032,0.012862
algebra2005,dkt,2,60,120,1,9935,0.228204,0.81925,0.818751,0.000498
algebra2005,dkt,2,60,120,2,9930,0.405231,0.834605,0.828229,0.006376
algebra2005,dkt,2,60,120,3,10014,0.523657,0.813895,0.809134,0.004762
algebra2005,dkt,2,60,120,4,9826,0.696863,0.811587,0.806587,0.005
algebra2005,dkt,2,0,-1,1,23218,0.173214,0.80334,0.802334,0.001007
algebra2005,dkt,2,0,-1,2,23190,0.374234,0.822843,0.817722,0.005121
algebra2005,dkt,2,0,-1,3,23226,0.509325,0.819617,0.813471,0.006145
algebra2005,dkt,2,0,-1,4,23179,0.732406,0.808945,0.800316,0.008629
algebra2005,dkt,3,5,20,1,2952,0.129114,0.816131,0.813143,0.002988
algebra2005,dkt,3,5,20,2,2889,0.359974,0.803443,0.79971,0.003733
algebra2005,dkt,3,5,20,3,3091,0.569166,0.81088,0.808636,0.002243
algebra2005,dkt,3,5,20,4,2618,0.863182,0.799938,0.78597,0.013968
algebra2005,dkt,3,20,60,1,7181,0.207127,0.808633,0.807757,0.000876
algebra2005,dkt,3,20,60,2,7201,0.404633,0.831669,0.825048,0.006621
algebra2005,dkt,3,20,60,3,7187,0.547141,0.824231,0.816913,0.007318
algebra2005,dkt,3,20,60,4,7136,0.740623,0.808297,0.795693,0.012604
algebra2005,dkt,3,60,120,1,9935,0.228204,0.82019,0.819182,0.001008
algebra2005,dkt,3,60,120,2,9930,0.405231,0.83717,0.830243,0.006927
algebra2005,dkt,3,60,120,3,10014,0.523657,0.814479,0.809555,0.004924
algebra2005,dkt,3,60,120,4,9826,0.696863,0.811875,0.805334,0.006541
algebra2005,dkt,3,0,-1,1,23218,0.173214,0.805378,0.803552,0.001826
algebra2005,dkt,3,0,-1,2,23190,0.374234,0.823426,0.818096,0.00533
algebra2005,dkt,3,0,-1,3,23226,0.509325,0.821242,0.814883,0.00636
algebra2005,dkt,3,0,-1,4,23179,0.732406,0.808077,0.798895,0.009182
algebra2005,dkt,4,5,20,1,2952,0.129114,0.816162,0.81485,0.001312
algebra2005,dkt,4,5,20,2,2889,0.359974,0.805913,0.801955,0.003959
algebra2005,dkt,4,5,20,3,3091,0.569166,0.811956,0.811257,0.000699
algebra2005,dkt,4,5,20,4,2618,0.863182,0.80192,0.789876,0.012043
algebra2005,dkt,4,20,60,1,7181,0.207127,0.807228,0.806766,0.000462
algebra2005,dkt,4,20,60,2,7201,0.404633,0.834641,0.829099,0.005542
algebra2005,dkt,4,20,60,3,7187,0.547141,0.824476,0.816656,0.00782
algebra2005,dkt,4,20,60,4,7136,0.740623,0.810438,0.798552,0.011886
algebra2005,dkt,4,60,120,1,9935,0.228204,0.822641,0.820573,0.002069
algebra2005,dkt,4,60,120,2,9930,0.405231,0.839194,0.832293,0.006901
algebra2005,dkt,4,60,120,3,10014,0.523657,0.81806,0.813455,0.004604
algebra2005,dkt,4,60,120,4,9826,0.696863,0.811392,0.806408,0.004984
algebra2005,dkt,4,0,-1,1,23218,0.173214,0.807282,0.805653,0.001629
algebra2005,dkt,4,0,-1,2,23190,0.374234,0.826032,0.820668,0.005364
algebra2005,dkt,4,0,-1,3,23226,0.509325,0.823612,0.817272,0.00634
algebra2005,dkt,4,0,-1,4,23179,0.732406,0.808781,0.800717,0.008064
algebra2005,sakt,0,5,20,1,2952,0.129114,0.786058,0.783556,0.002502
algebra2005,sakt,0,5,20,2,2889,0.359974,0.783711,0.767668,0.016043
algebra2005,sakt,0,5,20,3,3091,0.569166,0.783045,0.776566,0.006479
algebra2005,sakt,0,5,20,4,2618,0.863182,0.775296,0.76245,0.012846
algebra2005,sakt,0,20,60,1,7181,0.207127,0.781933,0.779139,0.002793
algebra2005,sakt,0,20,60,2,7201,0.404633,0.814407,0.805722,0.008685
algebra2005,sakt,0,20,60,3,7187,0.547141,0.799388,0.794498,0.004891
algebra2005,sakt,0,20,60,4,7136,0.740623,0.787656,0.770162,0.017493
algebra2005,sakt,0,60,120,1,9935,0.228204,0.794426,0.788562,0.005864
algebra2005,sakt,0,60,120,2,9930,0.405231,0.817237,0.812308,0.004929
algebra2005,sakt,0,60,120,3,10014,0.523657,0.796621,0.787529,0.009092
algebra2005,sakt,0,60,120,4,9826,0.696863,0.784858,0.775392,0.009466
algebra2005,sakt,0,0,-1,1,23218,0.173214,0.77971,0.775471,0.00424
algebra2005,sakt,0,0,-1,2,23190,0.374234,0.803685,0.797425,0.006259
algebra2005,sakt,0,0,-1,3,23226,0.509325,0.801081,0.791472,0.009609
algebra2005,sakt,0,0,-1,4,23179,0.732406,0.783375,0.771283,0.012092
algebra2005,sakt,1,5,20,1,2952,0.129114,0.783073,0.781757,0.001317
algebra2005,sakt,1,5,20,2,2889,0.359974,0.779982,0.767115,0.012867
algebra2005,sakt,1,5,20,3,3091,0.569166,0.783666,0.775396,0.00827
algebra2005,sakt,1,5,20,4,2618,0.863182,0.77626,0.764772,0.011487
algebra2005,sakt,1,20,60,1,7181,0.207127,0.779962,0.776765,0.003196
algebra2005,sakt,1,20,60,2,7201,0.404633,0.812293,0.803751,0.008542
algebra2005,sakt,1,20,60,3,7187,0.547141,0.797067,0.78857,0.008497
algebra2005,sakt,1,20,60,4,7136,0.740623,0.788409,0.769171,0.019238
algebra2005,sakt,1,60,120,1,9935,0.228204,0.79529,0.791658,0.003632
algebra2005,sakt,1,60,120,2,9930,0.405231,0.813938,0.809138,0.004799
algebra2005,sakt,1,60,120,3,10014,0.523657,0.799682,0.79013,0.009552
algebra2005,sakt,1,60,120,4,9826,0.696863,0.783502,0.77109,0.012412
algebra2005,sakt,1,0,-1,1,23218,0.173214,0.781107,0.778115,0.002993
algebra2005,sakt,1,0,-1,2,23190,0.374234,0.799878,0.79464,0.005238
algebra2005,sakt,1,0,-1,3,23226,0.509325,0.80075,0.790853,0.009897
algebra2005,sakt,1,0,-1,4,23179,0.732406,0.78429,0.77049,0.013799
algebra2005,sakt,2,5,20,1,2952,0.129114,0.786114,0.783813,0.002302
algebra2005,sakt,2,5,20,2,2889,0.359974,0.781877,0.768601,0.013276
algebra2005,sakt,2,5,20,3,3091,0.569166,0.783787,0.777219,0.006567
algebra2005,sakt,2,5,20,4,2618,0.863182,0.77766,0.768531,0.00913
algebra2005,sakt,2,20,60,1,7181,0.207127,0.783098,0.779903,0.003195
algebra2005,sakt,2,20,60,2,7201,0.404633,0.809367,0.801179,0.008188
algebra2005,sakt,2,20,60,3,7187,0.547141,0.804021,0.794385,0.009636
algebra2005,sakt,2,20,60,4,7136,0.740623,0.788531,0.770512,0.018019
algebra2005,sakt,2,60,120,1,9935,0.228204,0.792718,0.788902,0.003816
algebra2005,sakt,2,60,120,2,9930,0.405231,0.814183,0.811499,0.002684
algebra2005,sakt,2,60,120,3,10014,0.523657,0.797693,0.789871,0.007822
algebra2005,sakt,2,60,120,4,9826,0.696863,0.784386,0.770742,0.013644
algebra2005,sakt,2,0,-1,1,23218,0.173214,0.783541,0.779702,0.003839
algebra2005,sakt,2,0,-1,2,23190,0.374234,0.800498,0.795649,0.004849
algebra2005,sakt,2,0,-1,3,23226,0.509325,0.80045,0.791513,0.008936
algebra2005,sakt,2,0,-1,4,23179,0.732406,0.785399,0.771208,0.01419
algebra2005,sakt,3,5,20,1,2952,0.129114,0.786154,0.783937,0.002217
algebra2005,sakt,3,5,20,2,2889,0.359974,0.788078,0.778593,0.009485
algebra2005,sakt,3,5,20,3,3091,0.569166,0.790632,0.784017,0.006615
algebra2005,sakt,3,5,20,4,2618,0.863182,0.783402,0.770814,0.012588
algebra2005,sakt,3,20,60,1,7181,0.207127,0.784596,0.782736,0.00186
algebra2005,sakt,3,20,60,2,7201,0.404633,0.812089,0.803613,0.008476
algebra2005,sakt,3,20,60,3,7187,0.547141,0.795674,0.788252,0.007422
algebra2005,sakt,3,20,60,4,7136,0.740623,0.789557,0.77416,0.015396
algebra2005,sakt,3,60,120,1,9935,0.228204,0.794784,0.791294,0.00349
algebra2005,sakt,3,60,120,2,9930,0.405231,0.815394,0.810793,0.004601
algebra2005,sakt,3,60,120,3,10014,0.523657,0.799158,0.789261,0.009897
algebra2005,sakt,3,60,120,4,9826,0.696863,0.787222,0.774461,0.012762
algebra2005,sakt,3,0,-1,1,23218,0.173214,0.783402,0.780018,0.003384
algebra2005,sakt,3,0,-1,2,23190,0.374234,0.803594,0.798562,0.005032
algebra2005,sakt,3,0,-1,3,23226,0.509325,0.800035,0.790415,0.009621
algebra2005,sakt,3,0,-1,4,23179,0.732406,0.787669,0.774896,0.012772
algebra2005,sakt,4,5,20,1,2952,0.129114,0.789111,0.788187,0.000924
algebra2005,sakt,4,5,20,2,2889,0.359974,0.78691,0.774589,0.01232
algebra2005,sakt,4,5,20,3,3091,0.569166,0.785222,0.776056,0.009166
algebra2005,sakt,4,5,20,4,2618,0.863182,0.780109,0.771615,0.008494
algebra2005,sakt,4,20,60,1,7181,0.207127,0.785459,0.784451,0.001007
algebra2005,sakt,4,20,60,2,7201,0.404633,0.816082,0.80438,0.011703
algebra2005,sakt,4,20,60,3,7187,0.547141,0.801225,0.790482,0.010743
algebra2005,sakt,4,20,60,4,7136,0.740623,0.794297,0.775215,0.019082
algebra2005,sakt,4,60,120,1,9935,0.228204,0.796119,0.792493,0.003625
algebra2005,sakt,4,60,120,2,9930,0.405231,0.814934,0.808998,0.005935
algebra2005,sakt,4,60,120,3,10014,0.523657,0.795867,0.786997,0.008869
algebra2005,sakt,4,60,120,4,9826,0.696863,0.78478,0.772532,0.012249
algebra2005,sakt,4,0,-1,1,23218,0.173214,0.783562,0.780603,0.002959
algebra2005,sakt,4,0,-1,2,23190,0.374234,0.804118,0.797385,0.006734
algebra2005,sakt,4,0,-1,3,23226,0.509325,0.800053,0.788666,0.011387
algebra2005,sakt,4,0,-1,4,23179,0.732406,0.78733,0.773574,0.013756
algebra2005,akt,0,5,20,1,2952,0.129114,0.803091,0.797633,0.005458
algebra2005,akt,0,5,20,2,2889,0.359974,0.803612,0.793827,0.009785
algebra2005,akt,0,5,20,3,3091,0.569166,0.807223,0.798335,0.008888
algebra2005,akt,0,5,20,4,2618,0.863182,0.808734,0.794197,0.014536
algebra2005,akt,0,20,60,1,7181,0.207127,0.801435,0.798721,0.002714
algebra2005,akt,0,20,60,2,7201,0.404633,0.836766,0.82677,0.009996
algebra2005,akt,0,20,60,3,7187,0.547141,0.829519,0.818549,0.010969
algebra2005,akt,0,20,60,4,7136,0.740623,0.816783,0.80178,0.015003
algebra2005,akt,0,60,120,1,9935,0.228204,0.81092,0.804832,0.006089
algebra2005,akt,0,60,120,2,9930,0.405231,0.83406,0.827898,0.006162
algebra2005,akt,0,60,120,3,10014,0.523657,0.828624,0.816661,0.011964
algebra2005,akt,0,60,120,4,9826,0.696863,0.831793,0.816554,0.015239
algebra2005,akt,0,0,-1,1,23218,0.173214,0.799453,0.7933,0.006153
algebra2005,akt,0,0,-1,2,23190,0.374234,0.819958,0.812945,0.007013
algebra2005,akt,0,0,-1,3,23226,0.509325,0.8287,0.816923,0.011776
algebra2005,akt,0,0,-1,4,23179,0.732406,0.821637,0.807339,0.014298
algebra2005,akt,1,5,20,1,2952,0.129114,0.803142,0.79663,0.006512
algebra2005,akt,1,5,20,2,2889,0.359974,0.805606,0.79694,0.008666
algebra2005,akt,1,5,20,3,3091,0.569166,0.808139,0.800594,0.007545
algebra2005,akt,1,5,20,4,2618,0.863182,0.810148,0.797087,0.013061
algebra2005,akt,1,20,60,1,7181,0.207127,0.804011,0.800563,0.003448
algebra2005,akt,1,20,60,2,7201,0.404633,0.836555,0.8274,0.009155
algebra2005,akt,1,20,60,3,7187,0.547141,0.829599,0.818681,0.010917
algebra2005,akt,1,20,60,4,7136,0.740623,0.81656,0.802226,0.014334
algebra2005,akt,1,60,120,1,9935,0.228204,0.812736,0.805379,0.007357
algebra2005,akt,1,60,120,2,9930,0.405231,0.833076,0.826926,0.006149
algebra2005,akt,1,60,120,3,10014,0.523657,0.82733,0.815507,0.011822
algebra2005,akt,1,60,120,4,9826,0.696863,0.830692,0.814822,0.015869
algebra2005,akt,1,0,-1,1,23218,0.173214,0.800845,0.793598,0.007247
algebra2005,akt,1,0,-1,2,23190,0.374234,0.820126,0.813195,0.006931
algebra2005,akt,1,0,-1,3,23226,0.509325,0.828543,0.81679,0.011753
algebra2005,akt,1,0,-1,4,23179,0.732406,0.821646,0.807305,0.014341
algebra2005,akt,2,5,20,1,2952,0.129114,0.803038,0.797282,0.005756
algebra2005,akt,2,5,20,2,2889,0.359974,0.802328,0.792215,0.010113
algebra2005,akt,2,5,20,3,3091,0.569166,0.80482,0.79524,0.009579
algebra2005,akt,2,5,20,4,2618,0.863182,0.808556,0.793851,0.014704
algebra2005,akt,2,20,60,1,7181,0.207127,0.801117,0.798751,0.002366
algebra2005,akt,2,20,60,2,7201,0.404633,0.835261,0.825871,0.00939
algebra2005,akt,2,20,60,3,7187,0.547141,0.828624,0.817083,0.01154
algebra2005,akt,2,20,60,4,7136,0.740623,0.815281,0.798826,0.016455
algebra2005,akt,2,60,120,1,9935,0.228204,0.810396,0.803487,0.006909
algebra2005,akt,2,60,120,2,9930,0.405231,0.832735,0.826038,0.006697
algebra2005,akt,2,60,120,3,10014,0.523657,0.827756,0.814882,0.012874
algebra2005,akt,2,60,120,4,9826,0.696863,0.8293,0.812801,0.016498
algebra2005,akt,2,0,-1,1,23218,0.173214,0.798743,0.792036,0.006707
algebra2005,akt,2,0,-1,2,23190,0.374234,0.819247,0.812079,0.007168
algebra2005,akt,2,0,-1,3,23226,0.509325,0.827851,0.815419,0.012432
algebra2005,akt,2,0,-1,4,23179,0.732406,0.820351,0.80457,0.015782
algebra2005,akt,3,5,20,1,2952,0.129114,0.807645,0.801912,0.005733
algebra2005,akt,3,5,20,2,2889,0.359974,0.806805,0.79587,0.010935
algebra2005,akt,3,5,20,3,3091,0.569166,0.809847,0.801166,0.00868
algebra2005,akt,3,5,20,4,2618,0.863182,0.80957,0.795821,0.013749
algebra2005,akt,3,20,60,1,7181,0.207127,0.805838,0.802659,0.003179
algebra2005,akt,3,20,60,2,7201,0.404633,0.837919,0.828869,0.00905
algebra2005,akt,3,20,60,3,7187,0.547141,0.832028,0.822153,0.009876
algebra2005,akt,3,20,60,4,7136,0.740623,0.820143,0.806374,0.013769
algebra2005,akt,3,60,120,1,9935,0.228204,0.812094,0.805814,0.00628
algebra2005,akt,3,60,120,2,9930,0.405231,0.836481,0.831293,0.005188
algebra2005,akt,3,60,120,3,10014,0.523657,0.831232,0.820611,0.010622
algebra2005,akt,3,60,120,4,9826,0.696863,0.83281,0.818741,0.014069
algebra2005,akt,3,0,-1,1,23218,0.173214,0.801963,0.795548,0.006415
algebra2005,akt,3,0,-1,2,23190,0.374234,0.823053,0.816288,0.006765
algebra2005,akt,3,0,-1,3,23226,0.509325,0.831219,0.82083,0.010389
algebra2005,akt,3,0,-1,4,23179,0.732406,0.823783,0.810545,0.013237
algebra2005,akt,4,5,20,1,2952,0.129114,0.809472,0.803717,0.005755
algebra2005,akt,4,5,20,2,2889,0.359974,0.808012,0.7983,0.009712
algebra2005,akt,4,5,20,3,3091,0.569166,0.81339,0.80497,0.008421
algebra2005,akt,4,5,20,4,2618,0.863182,0.816131,0.802731,0.0134
algebra2005,akt,4,20,60,1,7181,0.207127,0.8073,0.805815,0.001485
algebra2005,akt,4,20,60,2,7201,0.404633,0.840706,0.831947,0.008758
algebra2005,akt,4,20,60,3,7187,0.547141,0.834144,0.82431,0.009834
algebra2005,akt,4,20,60,4,7136,0.740623,0.822414,0.808931,0.013483
algebra2005,akt,4,60,120,1,9935,0.228204,0.813825,0.807984,0.005842
algebra2005,akt,4,60,120,2,9930,0.405231,0.836125,0.83122,0.004905
algebra2005,akt,4,60,120,3,10014,0.523657,0.832545,0.822072,0.010473
algebra2005,akt,4,60,120,4,9826,0.696863,0.836207,0.822944,0.013263
algebra2005,akt,4,0,-1,1,23218,0.173214,0.803658,0.798002,0.005656
algebra2005,akt,4,0,-1,2,23190,0.374234,0.824839,0.818433,0.006406
algebra2005,akt,4,0,-1,3,23226,0.509325,0.832416,0.822001,0.010414
algebra2005,akt,4,0,-1,4,23179,0.732406,0.82731,0.814316,0.012994
algebra2005,simplekt,0,5,20,1,2952,0.129114,0.828726,0.821379,0.007347
algebra2005,simplekt,0,5,20,2,2889,0.359974,0.820771,0.806205,0.014566
algebra2005,simplekt,0,5,20,3,3091,0.569166,0.820696,0.812375,0.008321
algebra2005,simplekt,0,5,20,4,2618,0.863182,0.819446,0.804309,0.015137
algebra2005,simplekt,0,20,60,1,7181,0.207127,0.810715,0.806527,0.004188
algebra2005,simplekt,0,20,60,2,7201,0.404633,0.835117,0.820364,0.014753
algebra2005,simplekt,0,20,60,3,7187,0.547141,0.835965,0.82336,0.012605
algebra2005,simplekt,0,20,60,4,7136,0.740623,0.822841,0.802711,0.020129
algebra2005,simplekt,0,60,120,1,9935,0.228204,0.820195,0.812684,0.007511
algebra2005,simplekt,0,60,120,2,9930,0.405231,0.832613,0.825262,0.00735
algebra2005,simplekt,0,60,120,3,10014,0.523657,0.836641,0.823437,0.013204
algebra2005,simplekt,0,60,120,4,9826,0.696863,0.839794,0.823065,0.016729
algebra2005,simplekt,0,0,-1,1,23218,0.173214,0.816169,0.809174,0.006994
algebra2005,simplekt,0,0,-1,2,23190,0.374234,0.8219,0.812059,0.009841
algebra2005,simplekt,0,0,-1,3,23226,0.509325,0.833359,0.819806,0.013553
algebra2005,simplekt,0,0,-1,4,23179,0.732406,0.83099,0.813949,0.017041
algebra2005,simplekt,1,5,20,1,2952,0.129114,0.83,0.824923,0.005077
algebra2005,simplekt,1,5,20,2,2889,0.359974,0.817453,0.805538,0.011914
algebra2005,simplekt,1,5,20,3,3091,0.569166,0.815725,0.803802,0.011923
algebra2005,simplekt,1,5,20,4,2618,0.863182,0.818377,0.800337,0.018039
algebra2005,simplekt,1,20,60,1,7181,0.207127,0.808974,0.804126,0.004848
algebra2005,simplekt,1,20,60,2,7201,0.404633,0.837395,0.824215,0.01318
algebra2005,simplekt,1,20,60,3,7187,0.547141,0.835145,0.825291,0.009854
algebra2005,simplekt,1,20,60,4,7136,0.740623,0.82098,0.801939,0.019041
algebra2005,simplekt,1,60,120,1,9935,0.228204,0.821008,0.813528,0.00748
algebra2005,simplekt,1,60,120,2,9930,0.405231,0.838172,0.830878,0.007294
algebra2005,simplekt,1,60,120,3,10014,0.523657,0.834772,0.82299,0.011782
algebra2005,simplekt,1,60,120,4,9826,0.696863,0.835889,0.818877,0.017012
algebra2005,simplekt,1,0,-1,1,23218,0.173214,0.816602,0.809912,0.00669
algebra2005,simplekt,1,0,-1,2,23190,0.374234,0.825061,0.815889,0.009172
algebra2005,simplekt,1,0,-1,3,23226,0.509325,0.832867,0.820851,0.012016
algebra2005,simplekt,1,0,-1,4,23179,0.732406,0.827504,0.810703,0.016801
algebra2005,simplekt,2,5,20,1,2952,0.129114,0.828268,0.822133,0.006135
algebra2005,simplekt,2,5,20,2,2889,0.359974,0.815294,0.805084,0.01021
algebra2005,simplekt,2,5,20,3,3091,0.569166,0.822194,0.813888,0.008306
algebra2005,simplekt,2,5,20,4,2618,0.863182,0.81716,0.801799,0.015361
algebra2005,simplekt,2,20,60,1,7181,0.207127,0.811593,0.80786,0.003733
algebra2005,simplekt,2,20,60,2,7201,0.404633,0.837716,0.82485,0.012867
algebra2005,simplekt,2,20,60,3,7187,0.547141,0.838392,0.824657,0.013735
algebra2005,simplekt,2,20,60,4,7136,0.740623,0.822883,0.802281,0.020602
algebra2005,simplekt,2,60,120,1,9935,0.228204,0.826056,0.818549,0.007507
algebra2005,simplekt,2,60,120,2,9930,0.405231,0.833281,0.826037,0.007244
algebra2005,simplekt,2,60,120,3,10014,0.523657,0.837396,0.823744,0.013652
algebra2005,simplekt,2,60,120,4,9826,0.696863,0.840574,0.822375,0.018199
algebra2005,simplekt,2,0,-1,1,23218,0.173214,0.818741,0.812195,0.006545
algebra2005,simplekt,2,0,-1,2,23190,0.374234,0.824698,0.81607,0.008628
algebra2005,simplekt,2,0,-1,3,23226,0.509325,0.833842,0.821122,0.01272
algebra2005,simplekt,2,0,-1,4,23179,0.732406,0.83151,0.813759,0.01775
algebra2005,simplekt,3,5,20,1,2952,0.129114,0.827483,0.823103,0.00438
algebra2005,simplekt,3,5,20,2,2889,0.359974,0.815977,0.802952,0.013025
algebra2005,simplekt,3,5,20,3,3091,0.569166,0.827803,0.81591,0.011894
algebra2005,simplekt,3,5,20,4,2618,0.863182,0.819071,0.803031,0.016039
algebra2005,simplekt,3,20,60,1,7181,0.207127,0.81218,0.807998,0.004182
algebra2005,simplekt,3,20,60,2,7201,0.404633,0.838258,0.825815,0.012443
algebra2005,simplekt,3,20,60,3,7187,0.547141,0.8403,0.827311,0.012989
algebra2005,simplekt,3,20,60,4,7136,0.740623,0.826751,0.807206,0.019545
algebra2005,simplekt,3,60,120,1,9935,0.228204,0.825623,0.818441,0.007182
algebra2005,simplekt,3,60,120,2,9930,0.405231,0.835018,0.829841,0.005177
algebra2005,simplekt,3,60,120,3,10014,0.523657,0.836693,0.823209,0.013484
algebra2005,simplekt,3,60,120,4,9826,0.696863,0.842244,0.826049,0.016196
algebra2005,simplekt,3,0,-1,1,23218,0.173214,0.818863,0.812771,0.006092
algebra2005,simplekt,3,0,-1,2,23190,0.374234,0.824483,0.816372,0.00811
algebra2005,simplekt,3,0,-1,3,23226,0.509325,0.835147,0.821431,0.013717
algebra2005,simplekt,3,0,-1,4,23179,0.732406,0.833965,0.817038,0.016926
algebra2005,simplekt,4,5,20,1,2952,0.129114,0.828877,0.822597,0.006281
algebra2005,simplekt,4,5,20,2,2889,0.359974,0.814645,0.80281,0.011835
algebra2005,simplekt,4,5,20,3,3091,0.569166,0.819237,0.806698,0.01254
algebra2005,simplekt,4,5,20,4,2618,0.863182,0.81803,0.799016,0.019014
algebra2005,simplekt,4,20,60,1,7181,0.207127,0.80804,0.802929,0.005112
algebra2005,simplekt,4,20,60,2,7201,0.404633,0.838088,0.824121,0.013967
algebra2005,simplekt,4,20,60,3,7187,0.547141,0.831741,0.819061,0.01268
algebra2005,simplekt,4,20,60,4,7136,0.740623,0.81898,0.799603,0.019377
algebra2005,simplekt,4,60,120,1,9935,0.228204,0.822553,0.815186,0.007367
algebra2005,simplekt,4,60,120,2,9930,0.405231,0.838203,0.82995,0.008253
algebra2005,simplekt,4,60,120,3,10014,0.523657,0.835171,0.82261,0.012561
algebra2005,simplekt,4,60,120,4,9826,0.696863,0.8313,0.815322,0.015978
algebra2005,simplekt,4,0,-1,1,23218,0.173214,0.815788,0.809028,0.00676
algebra2005,simplekt,4,0,-1,2,23190,0.374234,0.824653,0.815521,0.009132
algebra2005,simplekt,4,0,-1,3,23226,0.509325,0.832616,0.818829,0.013787
algebra2005,simplekt,4,0,-1,4,23179,0.732406,0.825004,0.808271,0.016733
assist2009,dkt,0,60,120,1,3707,0.016971,0.761369,0.761779,-0.00041
assist2009,dkt,0,60,120,2,3697,0.098015,0.74599,0.740186,0.005804
assist2009,dkt,0,60,120,3,3697,0.204967,0.737612,0.73198,0.005633
assist2009,dkt,0,60,120,4,3700,0.431159,0.720557,0.710871,0.009686
assist2009,dkt,1,60,120,1,3707,0.016971,0.756323,0.756497,-0.000175
assist2009,dkt,1,60,120,2,3697,0.098015,0.739393,0.73337,0.006023
assist2009,dkt,1,60,120,3,3697,0.204967,0.736243,0.730527,0.005717
assist2009,dkt,1,60,120,4,3700,0.431159,0.720034,0.708726,0.011308
assist2009,dkt,2,60,120,1,3707,0.016971,0.761597,0.761929,-0.000332
assist2009,dkt,2,60,120,2,3697,0.098015,0.746328,0.738865,0.007463
assist2009,dkt,2,60,120,3,3697,0.204967,0.740531,0.736339,0.004192
assist2009,dkt,2,60,120,4,3700,0.431159,0.720411,0.712729,0.007682
assist2009,dkt,3,60,120,1,3707,0.016971,0.76186,0.762063,-0.000202
assist2009,dkt,3,60,120,2,3697,0.098015,0.752149,0.745651,0.006498
assist2009,dkt,3,60,120,3,3697,0.204967,0.740691,0.735591,0.0051
assist2009,dkt,3,60,120,4,3700,0.431159,0.721353,0.710976,0.010377
assist2009,dkt,4,60,120,1,3707,0.016971,0.761521,0.761743,-0.000222
assist2009,dkt,4,60,120,2,3697,0.098015,0.745366,0.740222,0.005144
assist2009,dkt,4,60,120,3,3697,0.204967,0.739555,0.736684,0.002871
assist2009,dkt,4,60,120,4,3700,0.431159,0.724831,0.715665,0.009165
assist2009,sakt,0,60,120,1,3707,0.016971,0.748794,0.749319,-0.000524
assist2009,sakt,0,60,120,2,3697,0.098015,0.713281,0.715798,-0.002517
assist2009,sakt,0,60,120,3,3697,0.204967,0.712149,0.716989,-0.00484
assist2009,sakt,0,60,120,4,3700,0.431159,0.684853,0.684891,-3.8e-05
assist2009,sakt,1,60,120,1,3707,0.016971,0.742194,0.742199,-5e-06
assist2009,sakt,1,60,120,2,3697,0.098015,0.717959,0.717663,0.000296
assist2009,sakt,1,60,120,3,3697,0.204967,0.713034,0.720037,-0.007003
assist2009,sakt,1,60,120,4,3700,0.431159,0.690696,0.689004,0.001692
assist2009,sakt,2,60,120,1,3707,0.016971,0.743377,0.743822,-0.000445
assist2009,sakt,2,60,120,2,3697,0.098015,0.717015,0.721009,-0.003994
assist2009,sakt,2,60,120,3,3697,0.204967,0.709008,0.710182,-0.001174
assist2009,sakt,2,60,120,4,3700,0.431159,0.691127,0.689574,0.001553
assist2009,sakt,3,60,120,1,3707,0.016971,0.740959,0.742015,-0.001056
assist2009,sakt,3,60,120,2,3697,0.098015,0.706776,0.710228,-0.003452
assist2009,sakt,3,60,120,3,3697,0.204967,0.703277,0.706092,-0.002814
assist2009,sakt,3,60,120,4,3700,0.431159,0.691558,0.688598,0.00296
assist2009,sakt,4,60,120,1,3707,0.016971,0.739406,0.740131,-0.000724
assist2009,sakt,4,60,120,2,3697,0.098015,0.713979,0.714574,-0.000594
assist2009,sakt,4,60,120,3,3697,0.204967,0.69668,0.699896,-0.003216
assist2009,sakt,4,60,120,4,3700,0.431159,0.688773,0.691107,-0.002334
assist2009,akt,0,60,120,1,3707,0.016971,0.774418,0.773114,0.001304
assist2009,akt,0,60,120,2,3697,0.098015,0.762411,0.756896,0.005516
assist2009,akt,0,60,120,3,3697,0.204967,0.755799,0.752021,0.003778
assist2009,akt,0,60,120,4,3700,0.431159,0.733858,0.724941,0.008917
assist2009,akt,1,60,120,1,3707,0.016971,0.770215,0.768471,0.001743
assist2009,akt,1,60,120,2,3697,0.098015,0.758978,0.75345,0.005528
assist2009,akt,1,60,120,3,3697,0.204967,0.753052,0.749156,0.003896
assist2009,akt,1,60,120,4,3700,0.431159,0.732101,0.722555,0.009547
assist2009,akt,2,60,120,1,3707,0.016971,0.771889,0.770617,0.001272
assist2009,akt,2,60,120,2,3697,0.098015,0.760235,0.754368,0.005866
assist2009,akt,2,60,120,3,3697,0.204967,0.753763,0.749621,0.004142
assist2009,akt,2,60,120,4,3700,0.431159,0.733317,0.724101,0.009215
assist2009,akt,3,60,120,1,3707,0.016971,0.770705,0.769168,0.001538
assist2009,akt,3,60,120,2,3697,0.098015,0.755582,0.750494,0.005088
assist2009,akt,3,60,120,3,3697,0.204967,0.752807,0.749146,0.003661
assist2009,akt,3,60,120,4,3700,0.431159,0.73331,0.723669,0.009641
assist2009,akt,4,60,120,1,3707,0.016971,0.770283,0.768817,0.001466
assist2009,akt,4,60,120,2,3697,0.098015,0.758007,0.752382,0.005625
assist2009,akt,4,60,120,3,3697,0.204967,0.751663,0.747546,0.004117
assist2009,akt,4,60,120,4,3700,0.431159,0.729824,0.719682,0.010143
assist2009,simplekt,0,60,120,1,3707,0.016971,0.771337,0.769647,0.00169
assist2009,simplekt,0,60,120,2,3697,0.098015,0.75963,0.756199,0.003431
assist2009,simplekt,0,60,120,3,3697,0.204967,0.747273,0.746849,0.000425
assist2009,simplekt,0,60,120,4,3700,0.431159,0.740519,0.737224,0.003296
assist2009,simplekt,1,60,120,1,3707,0.016971,0.762299,0.760902,0.001398
assist2009,simplekt,1,60,120,2,3697,0.098015,0.749694,0.749336,0.000358
assist2009,simplekt,1,60,120,3,3697,0.204967,0.747315,0.745405,0.00191
assist2009,simplekt,1,60,120,4,3700,0.431159,0.744501,0.738348,0.006153
assist2009,simplekt,2,60,120,1,3707,0.016971,0.773977,0.770843,0.003135
assist2009,simplekt,2,60,120,2,3697,0.098015,0.760762,0.74973,0.011033
assist2009,simplekt,2,60,120,3,3697,0.204967,0.754689,0.747828,0.006861
assist2009,simplekt,2,60,120,4,3700,0.431159,0.727374,0.718507,0.008867
assist2009,simplekt,3,60,120,1,3707,0.016971,0.778743,0.778298,0.000445
assist2009,simplekt,3,60,120,2,3697,0.098015,0.762275,0.757708,0.004567
assist2009,simplekt,3,60,120,3,3697,0.204967,0.759926,0.758189,0.001737
assist2009,simplekt,3,60,120,4,3700,0.431159,0.739412,0.732748,0.006664
assist2009,simplekt,4,60,120,1,3707,0.016971,0.773939,0.773441,0.000498
assist2009,simplekt,4,60,120,2,3697,0.098015,0.760751,0.756524,0.004226
assist2009,simplekt,4,60,120,3,3697,0.204967,0.753537,0.750556,0.002982
assist2009,simplekt,4,60,120,4,3700,0.431159,0.739195,0.734541,0.004654
