dataset,model,pykt_question_n_folds,pykt_question_auc_mean,pykt_question_auc_std,late_mean_n_folds,late_mean_auc_mean,late_mean_auc_std,concept_raw_n_folds,concept_raw_auc_mean,concept_raw_auc_std,delta_late_mean_minus_pykt,delta_concept_minus_pykt
algebra2005,akt,5,0.8093,0.0029,5,0.8938,0.0011,5,0.9165,0.0011,0.0845,0.1072
algebra2005,dkt,5,0.8094,0.0013,5,0.8926,0.0006,5,0.9196,0.0006,0.0832,0.1102
algebra2005,sakt,5,0.7847,0.0009,5,0.8714,0.0005,5,0.906,0.0007,0.0867,0.1213
algebra2005,simplekt,5,0.8144,0.0015,5,0.8964,0.001,5,0.9216,0.0014,0.0819,0.1072
assist2009,akt,5,0.7596,0.0014,5,0.8229,0.0009,5,0.8303,0.001,0.0633,0.0706
assist2009,dkt,5,0.7507,0.0018,5,0.815,0.0005,5,0.8241,0.001,0.0643,0.0734
assist2009,sakt,5,0.7295,0.0012,5,0.7501,0.0012,5,0.7541,0.0009,0.0206,0.0246
assist2009,simplekt,5,0.7634,0.0035,5,0.8132,0.0069,5,0.8295,0.0024,0.0498,0.0662
assist2012,akt,5,0.7723,0.0006,5,0.7723,0.0006,5,0.7723,0.0006,0.0,0.0
assist2012,dkt,5,0.7296,0.0006,5,0.7296,0.0006,5,0.7296,0.0006,0.0,0.0
assist2012,sakt,5,0.7071,0.0006,5,0.7071,0.0006,5,0.7071,0.0006,0.0,0.0
assist2012,simplekt,5,0.7703,0.0007,5,0.7703,0.0007,5,0.7703,0.0007,0.0,0.0
assist2015,akt,5,0.723,0.0005,5,0.723,0.0005,5,0.723,0.0005,0.0,0.0
assist2015,dkt,5,0.7268,0.0004,5,0.7268,0.0004,5,0.7268,0.0004,0.0,0.0
assist2015,sakt,5,0.7048,0.0003,5,0.7048,0.0003,5,0.7048,0.0003,0.0,0.0
assist2015,simplekt,5,0.7177,0.0013,5,0.7177,0.0013,5,0.7177,0.0013,0.0,0.0
assist2017,akt,5,0.7584,0.0007,0,,,5,0.7584,0.0007,,0.0
assist2017,dkt,5,0.7152,0.0019,5,0.7152,0.0019,5,0.7152,0.0019,0.0,0.0
assist2017,sakt,5,0.653,0.001,5,0.653,0.001,5,0.653,0.001,0.0,0.0
assist2017,simplekt,5,0.755,0.0025,5,0.755,0.0025,5,0.755,0.0025,0.0,0.0
bridge2algebra2006,akt,5,0.8065,0.0007,5,0.8068,0.0007,5,0.8069,0.0007,0.0004,0.0004
bridge2algebra2006,dkt,5,0.7955,0.0007,5,0.7965,0.0008,5,0.7968,0.0007,0.001,0.0013
bridge2algebra2006,sakt,5,0.7611,0.0007,5,0.7612,0.0007,5,0.7611,0.0007,0.0001,0.0
bridge2algebra2006,simplekt,5,0.806,0.0015,5,0.8061,0.0014,5,0.8062,0.0015,0.0002,0.0002
ednet,akt,5,0.6097,0.0025,5,0.8851,0.0019,5,0.9238,0.0021,0.2754,0.3141
ednet,dkt,5,0.6061,0.0011,5,0.8855,0.0005,5,0.9253,0.0004,0.2794,0.3192
ednet,sakt,5,0.6055,0.0017,5,0.8698,0.0028,5,0.9182,0.0005,0.2643,0.3127
ednet,simplekt,5,0.6573,0.0022,5,0.8989,0.0024,5,0.9407,0.0003,0.2417,0.2835
