dataset,model,position_class,n_folds,n_mean,auc_mean,auc_std
algebra2005,akt,all,5,134674,0.9165,0.0011
algebra2005,akt,first_row,5,93059,0.8187,0.0022
algebra2005,akt,repeat_1,5,28303,0.9983,0.0001
algebra2005,akt,repeat_2,5,12845,0.9999,0.0
algebra2005,akt,repeat_3plus,5,467,0.9994,0.0
algebra2005,akt,repeat_row,5,41615,0.9991,0.0
algebra2005,dkt,all,5,134674,0.9196,0.0006
algebra2005,dkt,first_row,5,93059,0.8144,0.0012
algebra2005,dkt,repeat_1,5,28303,1.0,0.0
algebra2005,dkt,repeat_2,5,12845,1.0,0.0
algebra2005,dkt,repeat_3plus,5,467,1.0,0.0
algebra2005,dkt,repeat_row,5,41615,1.0,0.0
algebra2005,sakt,all,5,134674,0.906,0.0007
algebra2005,sakt,first_row,5,93059,0.7926,0.001
algebra2005,sakt,repeat_1,5,28303,0.9988,0.0002
algebra2005,sakt,repeat_2,5,12845,0.9999,0.0001
algebra2005,sakt,repeat_3plus,5,467,0.9998,0.0001
algebra2005,sakt,repeat_row,5,41615,0.9993,0.0001
algebra2005,simplekt,all,5,134674,0.9216,0.0014
algebra2005,simplekt,first_row,5,93059,0.8258,0.0014
algebra2005,simplekt,repeat_1,5,28303,0.9994,0.0004
algebra2005,simplekt,repeat_2,5,12845,1.0,0.0
algebra2005,simplekt,repeat_3plus,5,467,0.9997,0.0003
algebra2005,simplekt,repeat_row,5,41615,0.9997,0.0002
assist2009,akt,all,5,61904,0.8303,0.001
assist2009,akt,first_row,5,52268,0.7633,0.0014
assist2009,akt,repeat_1,5,8248,0.9999,0.0001
assist2009,akt,repeat_2,5,1101,0.9999,0.0001
assist2009,akt,repeat_3plus,5,287,0.9994,0.0001
assist2009,akt,repeat_row,5,9636,0.9999,0.0
assist2009,dkt,all,5,61904,0.8241,0.001
assist2009,dkt,first_row,5,52268,0.7534,0.0014
assist2009,dkt,repeat_1,5,8248,1.0,0.0
assist2009,dkt,repeat_2,5,1101,1.0,0.0
assist2009,dkt,repeat_3plus,5,287,1.0,0.0
assist2009,dkt,repeat_row,5,9636,1.0,0.0
assist2009,sakt,all,5,61904,0.7541,0.0009
assist2009,sakt,first_row,5,52268,0.7278,0.0017
assist2009,sakt,repeat_1,5,8248,0.8679,0.0038
assist2009,sakt,repeat_2,5,1101,0.8804,0.0058
assist2009,sakt,repeat_3plus,5,287,0.8802,0.0176
assist2009,sakt,repeat_row,5,9636,0.8698,0.0039
assist2009,simplekt,all,5,61904,0.8295,0.0024
assist2009,simplekt,first_row,5,52268,0.7672,0.0035
assist2009,simplekt,repeat_1,5,8248,0.9977,0.0012
assist2009,simplekt,repeat_2,5,1101,0.9997,0.0005
assist2009,simplekt,repeat_3plus,5,287,0.9993,0.0006
assist2009,simplekt,repeat_row,5,9636,0.998,0.001
assist2012,akt,all,5,536087,0.7723,0.0006
assist2012,akt,first_row,5,536087,0.7723,0.0006
assist2012,dkt,all,5,536087,0.7296,0.0006
assist2012,dkt,first_row,5,536087,0.7296,0.0006
assist2012,sakt,all,5,536087,0.7071,0.0006
assist2012,sakt,first_row,5,536087,0.7071,0.0006
assist2012,simplekt,all,5,536087,0.7703,0.0007
assist2012,simplekt,first_row,5,536087,0.7703,0.0007
assist2015,akt,all,5,134592,0.723,0.0005
assist2015,akt,first_row,5,134592,0.723,0.0005
assist2015,dkt,all,5,134592,0.7268,0.0004
assist2015,dkt,first_row,5,134592,0.7268,0.0004
assist2015,sakt,all,5,134592,0.7048,0.0003
assist2015,sakt,first_row,5,134592,0.7048,0.0003
assist2015,simplekt,all,5,134592,0.7177,0.0013
assist2015,simplekt,first_row,5,134592,0.7177,0.0013
assist2017,akt,all,5,177767,0.7584,0.0007
assist2017,akt,first_row,5,177767,0.7584,0.0007
assist2017,dkt,all,5,177767,0.7152,0.0019
assist2017,dkt,first_row,5,177767,0.7152,0.0019
assist2017,sakt,all,5,177767,0.653,0.001
assist2017,sakt,first_row,5,177767,0.653,0.001
assist2017,simplekt,all,5,177767,0.755,0.0025
assist2017,simplekt,first_row,5,177767,0.755,0.0025
bridge2algebra2006,akt,all,5,353631,0.8069,0.0007
bridge2algebra2006,akt,first_row,5,352376,0.8064,0.0007
bridge2algebra2006,akt,repeat_1,5,1238,0.9239,0.0038
bridge2algebra2006,akt,repeat_2,5,15,0.5,0.0272
bridge2algebra2006,akt,repeat_row,5,1255,0.92,0.0039
bridge2algebra2006,dkt,all,5,353631,0.7968,0.0007
bridge2algebra2006,dkt,first_row,5,352376,0.7954,0.0008
bridge2algebra2006,dkt,repeat_1,5,1238,0.9967,0.0006
bridge2algebra2006,dkt,repeat_2,5,15,1.0,0.0
bridge2algebra2006,dkt,repeat_row,5,1255,0.9966,0.0006
bridge2algebra2006,sakt,all,5,353631,0.7611,0.0007
bridge2algebra2006,sakt,first_row,5,352376,0.761,0.0006
bridge2algebra2006,sakt,repeat_1,5,1238,0.7874,0.0117
bridge2algebra2006,sakt,repeat_2,5,15,0.8154,0.0632
bridge2algebra2006,sakt,repeat_row,5,1255,0.7855,0.0114
bridge2algebra2006,simplekt,all,5,353631,0.8062,0.0015
bridge2algebra2006,simplekt,first_row,5,352376,0.8059,0.0014
bridge2algebra2006,simplekt,repeat_1,5,1238,0.8993,0.0149
bridge2algebra2006,simplekt,repeat_2,5,15,0.7538,0.0438
bridge2algebra2006,simplekt,repeat_row,5,1255,0.8967,0.0153
ednet,akt,all,5,301372,0.9238,0.0021
ednet,akt,first_row,5,132502,0.6392,0.0035
ednet,akt,repeat_1,5,63015,0.9992,0.0007
ednet,akt,repeat_2,5,58888,1.0,0.0
ednet,akt,repeat_3plus,5,46967,1.0,0.0
ednet,akt,repeat_row,5,168870,0.9998,0.0001
ednet,dkt,all,5,301372,0.9253,0.0004
ednet,dkt,first_row,5,132502,0.6321,0.0022
ednet,dkt,repeat_1,5,63015,1.0,0.0
ednet,dkt,repeat_2,5,58888,1.0,0.0
ednet,dkt,repeat_3plus,5,46967,1.0,0.0
ednet,dkt,repeat_row,5,168870,1.0,0.0
ednet,sakt,all,5,301372,0.9182,0.0005
ednet,sakt,first_row,5,132502,0.626,0.0038
ednet,sakt,repeat_1,5,63015,0.9971,0.0006
ednet,sakt,repeat_2,5,58888,0.9999,0.0001
ednet,sakt,repeat_3plus,5,46967,1.0,0.0
ednet,sakt,repeat_row,5,168870,0.9993,0.0002
ednet,simplekt,all,5,301372,0.9407,0.0003
ednet,simplekt,first_row,5,132502,0.7093,0.0015
ednet,simplekt,repeat_1,5,63015,1.0,0.0
ednet,simplekt,repeat_2,5,58888,1.0,0.0
ednet,simplekt,repeat_3plus,5,46967,1.0,0.0
ednet,simplekt,repeat_row,5,168870,1.0,0.0
