dataset,model,fold,seed,auc_question_level,auc_late_mean,delta,n_question_level,n_late_mean
assist2009,dkt,0,42,0.7499,0.8149,0.065,52254,52439
assist2009,dkt,0,43,0.7503,0.8151,0.0648,52254,52439
assist2009,dkt,1,42,0.748,0.8143,0.0663,52254,52439
assist2009,dkt,1,43,0.7494,0.8145,0.0651,52254,52439
assist2009,dkt,2,42,0.7514,0.8152,0.0638,52254,52439
assist2009,dkt,2,43,0.7509,0.8156,0.0647,52254,52439
assist2009,dkt,3,42,0.7517,0.8153,0.0636,52254,52439
assist2009,dkt,3,43,0.7502,0.8145,0.0643,52254,52439
assist2009,dkt,4,42,0.7525,0.8155,0.063,52254,52439
assist2009,dkt,4,43,0.7518,0.8153,0.0635,52254,52439
assist2009,sakt,0,42,0.7286,0.7495,0.0209,52254,52439
assist2009,sakt,0,43,0.7282,0.7518,0.0236,52254,52439
assist2009,sakt,1,42,0.7315,0.751,0.0195,52254,52439
assist2009,sakt,1,43,0.7323,0.7528,0.0206,52254,52439
assist2009,sakt,2,42,0.7297,0.7514,0.0217,52254,52439
assist2009,sakt,2,43,0.7307,0.751,0.0203,52254,52439
assist2009,sakt,3,42,0.7291,0.7503,0.0211,52254,52439
assist2009,sakt,3,43,0.7304,0.7512,0.0208,52254,52439
assist2009,sakt,4,42,0.7286,0.7483,0.0198,52254,52439
assist2009,sakt,4,43,0.7289,0.7494,0.0205,52254,52439
assist2009,akt,0,42,0.7615,0.824,0.0624,52254,52439
assist2009,akt,0,43,0.7332,0.773,0.0398,52254,52439
assist2009,akt,1,42,0.7586,0.822,0.0634,52254,52439
assist2009,akt,1,43,0.7335,0.7741,0.0405,52254,52439
assist2009,akt,2,42,0.7606,0.8238,0.0632,52254,52439
assist2009,akt,2,43,0.7331,0.7744,0.0413,52254,52439
assist2009,akt,3,42,0.7583,0.8221,0.0637,52254,52439
assist2009,akt,3,43,0.7325,0.7738,0.0413,52254,52439
assist2009,akt,4,42,0.7591,0.8226,0.0635,52254,52439
assist2009,akt,4,43,0.7332,0.7706,0.0374,52254,52439
assist2009,simplekt,0,42,0.7636,0.8106,0.047,52254,52439
assist2009,simplekt,0,43,0.764,0.8192,0.0553,52254,52439
assist2009,simplekt,1,42,0.7607,0.8031,0.0424,52254,52439
assist2009,simplekt,1,43,0.7634,0.8065,0.0431,52254,52439
assist2009,simplekt,2,42,0.7591,0.8204,0.0613,52254,52439
assist2009,simplekt,2,43,0.7622,0.821,0.0588,52254,52439
assist2009,simplekt,3,42,0.7674,0.8185,0.051,52254,52439
assist2009,simplekt,3,43,0.7672,0.8135,0.0463,52254,52439
assist2009,simplekt,4,42,0.7661,0.8134,0.0472,52254,52439
assist2009,simplekt,4,43,0.7678,0.8139,0.0461,52254,52439
assist2017,dkt,0,42,0.7168,0.7168,-0.0,177767,177767
assist2017,dkt,0,43,0.718,0.718,-0.0,177767,177767
assist2017,dkt,1,42,0.7163,0.7163,0.0,177767,177767
assist2017,dkt,1,43,0.7169,0.7169,0.0,177767,177767
assist2017,dkt,2,42,0.7131,0.7131,0.0,177767,177767
assist2017,dkt,2,43,0.7177,0.7177,-0.0,177767,177767
assist2017,dkt,3,42,0.7166,0.7166,0.0,177767,177767
assist2017,dkt,3,43,0.7174,0.7174,0.0,177767,177767
assist2017,dkt,4,42,0.7133,0.7133,-0.0,177767,177767
assist2017,dkt,4,43,0.7143,0.7143,0.0,177767,177767
assist2017,sakt,0,42,0.6537,0.6537,-0.0,177767,177767
assist2017,sakt,0,43,0.6545,0.6545,-0.0,177767,177767
assist2017,sakt,1,42,0.6533,0.6533,-0.0,177767,177767
assist2017,sakt,1,43,0.6541,0.6541,-0.0,177767,177767
assist2017,sakt,2,42,0.6539,0.6539,0.0,177767,177767
assist2017,sakt,2,43,0.6545,0.6545,0.0,177767,177767
assist2017,sakt,3,42,0.6524,0.6524,-0.0,177767,177767
assist2017,sakt,3,43,0.6539,0.6539,0.0,177767,177767
assist2017,sakt,4,42,0.6516,0.6516,-0.0,177767,177767
assist2017,sakt,4,43,0.6526,0.6526,0.0,177767,177767
assist2017,akt,0,42,0.7583,0.7583,-0.0,177767,177767
assist2017,akt,0,43,0.6707,0.6707,0.0,177767,177767
assist2017,akt,1,42,0.7582,0.7582,-0.0,177767,177767
assist2017,akt,1,43,0.6717,0.6717,0.0,177767,177767
assist2017,akt,2,42,0.7576,0.7576,0.0,177767,177767
assist2017,akt,2,43,0.6699,0.6699,-0.0,177767,177767
assist2017,akt,3,42,0.7586,0.7586,-0.0,177767,177767
assist2017,akt,3,43,0.6701,0.6701,-0.0,177767,177767
assist2017,akt,4,42,0.7595,0.7595,-0.0,177767,177767
assist2017,akt,4,43,0.6704,0.6704,0.0,177767,177767
assist2017,simplekt,0,42,0.755,0.755,0.0,177767,177767
assist2017,simplekt,0,43,0.7512,0.7512,-0.0,177767,177767
assist2017,simplekt,1,42,0.7565,0.7565,0.0,177767,177767
assist2017,simplekt,1,43,0.7558,0.7558,0.0,177767,177767
assist2017,simplekt,2,42,0.7547,0.7547,0.0,177767,177767
assist2017,simplekt,2,43,0.7538,0.7538,0.0,177767,177767
assist2017,simplekt,3,42,0.751,0.751,0.0,177767,177767
assist2017,simplekt,3,43,0.7532,0.7532,-0.0,177767,177767
assist2017,simplekt,4,42,0.7576,0.7576,0.0,177767,177767
assist2017,simplekt,4,43,0.7544,0.7544,-0.0,177767,177767
algebra2005,dkt,0,42,0.8098,0.8919,0.0821,92945,93279
algebra2005,dkt,0,43,0.8095,0.8918,0.0822,92945,93279
algebra2005,dkt,1,42,0.808,0.892,0.0839,92945,93279
algebra2005,dkt,1,43,0.8082,0.892,0.0838,92945,93279
algebra2005,dkt,2,42,0.8087,0.893,0.0843,92945,93279
algebra2005,dkt,2,43,0.8108,0.894,0.0831,92945,93279
algebra2005,dkt,3,42,0.8091,0.8928,0.0837,92945,93279
algebra2005,dkt,3,43,0.8121,0.8936,0.0815,92945,93279
algebra2005,dkt,4,42,0.8114,0.8932,0.0818,92945,93279
algebra2005,dkt,4,43,0.813,0.8941,0.0811,92945,93279
algebra2005,sakt,0,42,0.7841,0.8708,0.0867,92945,93279
algebra2005,sakt,0,43,0.7862,0.8726,0.0864,92945,93279
algebra2005,sakt,1,42,0.7836,0.8714,0.0877,92945,93279
algebra2005,sakt,1,43,0.7848,0.8709,0.0861,92945,93279
algebra2005,sakt,2,42,0.7847,0.8718,0.0871,92945,93279
algebra2005,sakt,2,43,0.7855,0.8737,0.0882,92945,93279
algebra2005,sakt,3,42,0.786,0.871,0.0849,92945,93279
algebra2005,sakt,3,43,0.7868,0.8745,0.0877,92945,93279
algebra2005,sakt,4,42,0.7852,0.8721,0.0869,92945,93279
algebra2005,sakt,4,43,0.7874,0.874,0.0866,92945,93279
algebra2005,akt,0,42,0.8079,0.8937,0.0858,92945,93279
algebra2005,akt,0,43,0.7615,0.8655,0.104,92945,93279
algebra2005,akt,1,42,0.8079,0.8933,0.0854,92945,93279
algebra2005,akt,1,43,0.7618,0.8665,0.1047,92945,93279
algebra2005,akt,2,42,0.8062,0.8929,0.0867,92945,93279
algebra2005,akt,2,43,0.7628,0.8657,0.1029,92945,93279
algebra2005,akt,3,42,0.811,0.8935,0.0825,92945,93279
algebra2005,akt,3,43,0.762,0.8656,0.1035,92945,93279
algebra2005,akt,4,42,0.8134,0.8957,0.0823,92945,93279
algebra2005,akt,4,43,0.7616,0.8657,0.1041,92945,93279
algebra2005,simplekt,0,42,0.8134,0.8974,0.084,92945,93279
algebra2005,simplekt,0,43,0.8146,0.8959,0.0813,92945,93279
algebra2005,simplekt,1,42,0.8141,0.8953,0.0812,92945,93279
algebra2005,simplekt,1,43,0.8161,0.8957,0.0796,92945,93279
algebra2005,simplekt,2,42,0.8152,0.8965,0.0812,92945,93279
algebra2005,simplekt,2,43,0.8122,0.8975,0.0853,92945,93279
algebra2005,simplekt,3,42,0.8167,0.8954,0.0787,92945,93279
algebra2005,simplekt,3,43,0.8131,0.8972,0.0841,92945,93279
algebra2005,simplekt,4,42,0.8128,0.8973,0.0845,92945,93279
algebra2005,simplekt,4,43,0.817,0.8946,0.0777,92945,93279
bridge2algebra2006,dkt,0,42,0.7963,0.7973,0.001,352370,352378
bridge2algebra2006,dkt,0,43,0.7964,0.7974,0.001,352370,352378
bridge2algebra2006,dkt,1,42,0.7957,0.7967,0.001,352370,352378
bridge2algebra2006,dkt,1,43,0.7961,0.797,0.001,352370,352378
bridge2algebra2006,dkt,2,42,0.7953,0.7962,0.001,352370,352378
bridge2algebra2006,dkt,2,43,0.795,0.796,0.001,352370,352378
bridge2algebra2006,dkt,3,42,0.7943,0.7953,0.001,352370,352378
bridge2algebra2006,dkt,3,43,0.7954,0.7964,0.001,352370,352378
bridge2algebra2006,dkt,4,42,0.7958,0.7968,0.001,352370,352378
bridge2algebra2006,dkt,4,43,0.7965,0.7975,0.001,352370,352378
bridge2algebra2006,sakt,0,42,0.7616,0.7617,0.0001,352370,352378
bridge2algebra2006,sakt,0,43,0.7604,0.7605,0.0001,352370,352378
bridge2algebra2006,sakt,1,42,0.7619,0.762,0.0001,352370,352378
bridge2algebra2006,sakt,1,43,0.7617,0.7618,0.0001,352370,352378
bridge2algebra2006,sakt,2,42,0.7609,0.761,0.0001,352370,352378
bridge2algebra2006,sakt,2,43,0.7617,0.7618,0.0001,352370,352378
bridge2algebra2006,sakt,3,42,0.761,0.7611,0.0001,352370,352378
bridge2algebra2006,sakt,3,43,0.7622,0.7623,0.0001,352370,352378
bridge2algebra2006,sakt,4,42,0.7602,0.7603,0.0001,352370,352378
bridge2algebra2006,sakt,4,43,0.7592,0.7593,0.0001,352370,352378
bridge2algebra2006,akt,0,42,0.8066,0.8069,0.0004,352370,352378
bridge2algebra2006,akt,0,43,0.7722,0.7723,0.0001,352370,352378
bridge2algebra2006,akt,1,42,0.8067,0.8071,0.0004,352370,352378
bridge2algebra2006,akt,1,43,0.7722,0.7723,0.0001,352370,352378
bridge2algebra2006,akt,2,42,0.8074,0.8078,0.0004,352370,352378
bridge2algebra2006,akt,2,43,0.7707,0.7708,0.0001,352370,352378
bridge2algebra2006,akt,3,42,0.8057,0.8061,0.0004,352370,352378
bridge2algebra2006,akt,3,43,0.7701,0.7701,0.0,352370,352378
bridge2algebra2006,akt,4,42,0.8059,0.8062,0.0004,352370,352378
bridge2algebra2006,akt,4,43,0.7709,0.7709,0.0,352370,352378
bridge2algebra2006,simplekt,0,42,0.808,0.8081,0.0002,352370,352378
bridge2algebra2006,simplekt,0,43,0.8073,0.8075,0.0002,352370,352378
bridge2algebra2006,simplekt,1,42,0.8059,0.8061,0.0002,352370,352378
bridge2algebra2006,simplekt,1,43,0.8087,0.8089,0.0002,352370,352378
bridge2algebra2006,simplekt,2,42,0.8067,0.8069,0.0002,352370,352378
bridge2algebra2006,simplekt,2,43,0.8084,0.8086,0.0002,352370,352378
bridge2algebra2006,simplekt,3,42,0.8046,0.8048,0.0002,352370,352378
bridge2algebra2006,simplekt,3,43,0.8086,0.8087,0.0001,352370,352378
bridge2algebra2006,simplekt,4,42,0.8046,0.8048,0.0002,352370,352378
bridge2algebra2006,simplekt,4,43,0.8078,0.808,0.0002,352370,352378
assist2012,dkt,0,42,0.7293,0.7293,-0.0,536087,536087
assist2012,dkt,0,43,0.7289,0.7289,-0.0,536087,536087
assist2012,dkt,1,42,0.7293,0.7293,0.0,536087,536087
assist2012,dkt,1,43,0.7293,0.7293,-0.0,536087,536087
assist2012,dkt,2,42,0.7289,0.7289,-0.0,536087,536087
assist2012,dkt,2,43,0.7297,0.7297,0.0,536087,536087
assist2012,dkt,3,42,0.7301,0.7301,0.0,536087,536087
assist2012,dkt,3,43,0.7299,0.7299,-0.0,536087,536087
assist2012,dkt,4,42,0.7303,0.7303,0.0,536087,536087
assist2012,dkt,4,43,0.7292,0.7292,-0.0,536087,536087
assist2012,sakt,0,42,0.7073,0.7073,-0.0,536087,536087
assist2012,sakt,0,43,0.7071,0.7071,0.0,536087,536087
assist2012,sakt,1,42,0.7069,0.7069,-0.0,536087,536087
assist2012,sakt,1,43,0.7065,0.7065,0.0,536087,536087
assist2012,sakt,2,42,0.7067,0.7067,0.0,536087,536087
assist2012,sakt,2,43,0.7065,0.7065,0.0,536087,536087
assist2012,sakt,3,42,0.7065,0.7065,0.0,536087,536087
assist2012,sakt,3,43,0.7072,0.7072,0.0,536087,536087
assist2012,sakt,4,42,0.7079,0.7079,0.0,536087,536087
assist2012,sakt,4,43,0.7091,0.7091,-0.0,536087,536087
assist2012,akt,0,42,0.7729,0.7729,0.0,536087,536087
assist2012,akt,0,43,0.7316,0.7316,-0.0,536087,536087
assist2012,akt,1,42,0.7728,0.7728,0.0,536087,536087
assist2012,akt,1,43,0.7321,0.7321,0.0,536087,536087
assist2012,akt,2,42,0.7717,0.7717,-0.0,536087,536087
assist2012,akt,2,43,0.7321,0.7321,-0.0,536087,536087
assist2012,akt,3,42,0.7715,0.7715,0.0,536087,536087
assist2012,akt,3,43,0.7321,0.7321,-0.0,536087,536087
assist2012,akt,4,42,0.7725,0.7725,0.0,536087,536087
assist2012,akt,4,43,0.7327,0.7327,0.0,536087,536087
assist2012,simplekt,0,42,0.7692,0.7692,0.0,536087,536087
assist2012,simplekt,0,43,0.7701,0.7701,0.0,536087,536087
assist2012,simplekt,1,42,0.7703,0.7703,0.0,536087,536087
assist2012,simplekt,1,43,0.7709,0.7709,-0.0,536087,536087
assist2012,simplekt,2,42,0.771,0.771,0.0,536087,536087
assist2012,simplekt,2,43,0.7711,0.7711,0.0,536087,536087
assist2012,simplekt,3,42,0.7702,0.7702,0.0,536087,536087
assist2012,simplekt,3,43,0.7712,0.7712,0.0,536087,536087
assist2012,simplekt,4,42,0.7707,0.7707,0.0,536087,536087
assist2012,simplekt,4,43,0.7712,0.7712,0.0,536087,536087
ednet,dkt,0,42,0.6064,0.886,0.2795,132209,133516
ednet,dkt,0,43,0.6072,0.8845,0.2774,132209,133516
ednet,dkt,1,42,0.6068,0.886,0.2792,132209,133516
ednet,dkt,1,43,0.6062,0.8852,0.279,132209,133516
ednet,dkt,2,42,0.6066,0.8848,0.2782,132209,133516
ednet,dkt,2,43,0.6054,0.8839,0.2785,132209,133516
ednet,dkt,3,42,0.6063,0.8852,0.2789,132209,133516
ednet,dkt,3,43,0.6072,0.8828,0.2756,132209,133516
ednet,dkt,4,42,0.6042,0.8853,0.2811,132209,133516
ednet,dkt,4,43,0.6056,0.885,0.2794,132209,133516
ednet,sakt,0,42,0.6047,0.8705,0.2659,132209,133516
ednet,sakt,0,43,0.6085,0.872,0.2636,132209,133516
ednet,sakt,1,42,0.603,0.865,0.2621,132209,133516
ednet,sakt,1,43,0.6079,0.8725,0.2646,132209,133516
ednet,sakt,2,42,0.6069,0.8711,0.2642,132209,133516
ednet,sakt,2,43,0.6067,0.873,0.2663,132209,133516
ednet,sakt,3,42,0.607,0.8703,0.2633,132209,133516
ednet,sakt,3,43,0.6089,0.872,0.263,132209,133516
ednet,sakt,4,42,0.6059,0.8723,0.2664,132209,133516
ednet,sakt,4,43,0.6076,0.8727,0.2651,132209,133516
ednet,akt,0,42,0.6071,0.883,0.2759,132209,133516
ednet,akt,0,43,0.6009,0.8764,0.2755,132209,133516
ednet,akt,1,42,0.612,0.8861,0.2741,132209,133516
ednet,akt,1,43,0.6013,0.8754,0.2741,132209,133516
ednet,akt,2,42,0.607,0.8831,0.276,132209,133516
ednet,akt,2,43,0.6007,0.8763,0.2756,132209,133516
ednet,akt,3,42,0.6108,0.8862,0.2754,132209,133516
ednet,akt,3,43,0.6004,0.8764,0.276,132209,133516
ednet,akt,4,42,0.6116,0.8871,0.2755,132209,133516
ednet,akt,4,43,0.6,0.8755,0.2755,132209,133516
ednet,simplekt,0,42,0.6585,0.8965,0.238,132209,133516
ednet,simplekt,0,43,0.6578,0.8955,0.2377,132209,133516
ednet,simplekt,1,42,0.6594,0.9018,0.2424,132209,133516
ednet,simplekt,1,43,0.657,0.8972,0.2402,132209,133516
ednet,simplekt,2,42,0.6579,0.897,0.2391,132209,133516
ednet,simplekt,2,43,0.6556,0.8951,0.2394,132209,133516
ednet,simplekt,3,42,0.6568,0.8981,0.2413,132209,133516
ednet,simplekt,3,43,0.6558,0.893,0.2372,132209,133516
ednet,simplekt,4,42,0.6537,0.9012,0.2475,132209,133516
ednet,simplekt,4,43,0.6515,0.8984,0.2469,132209,133516
